Scale,Index,PitchStep,PitchAlter,PitchOctave,LyricalNote,XMLNotation
C,1,C,0,2,S.,<note><pitch><step>C</step><alter>0</alter><octave>2</octave></pitch><duration>1</duration><type>eighth</type><beam number="1">begin</beam><lyric><syllabic>single</syllabic><text>S.</text></lyric></note>
C,2,C,1,2,r.,<note><pitch><step>C</step><alter>1</alter><octave>2</octave></pitch><duration>1</duration><type>eighth</type><beam number="1">begin</beam><lyric><syllabic>single</syllabic><text>r.</text></lyric></note>
C,3,D,0,2,R.,<note><pitch><step>D</step><alter>0</alter><octave>2</octave></pitch><duration>1</duration><type>eighth</type><beam number="1">begin</beam><lyric><syllabic>single</syllabic><text>R.</text></lyric></note>
C,4,D,1,2,g.,<note><pitch><step>D</step><alter>1</alter><octave>2</octave></pitch><duration>1</duration><type>eighth</type><beam number="1">begin</beam><lyric><syllabic>single</syllabic><text>g.</text></lyric></note>
C,5,E,0,2,G.,<note><pitch><step>E</step><alter>0</alter><octave>2</octave></pitch><duration>1</duration><type>eighth</type><beam number="1">begin</beam><lyric><syllabic>single</syllabic><text>G.</text></lyric></note>
C,6,F,0,2,m.,<note><pitch><step>F</step><alter>0</alter><octave>2</octave></pitch><duration>1</duration><type>eighth</type><beam number="1">begin</beam><lyric><syllabic>single</syllabic><text>m.</text></lyric></note>
C,7,F,1,2,M.,<note><pitch><step>F</step><alter>1</alter><octave>2</octave></pitch><duration>1</duration><type>eighth</type><beam number="1">begin</beam><lyric><syllabic>single</syllabic><text>M.</text></lyric></note>
C,8,G,0,2,P.,<note><pitch><step>G</step><alter>0</alter><octave>2</octave></pitch><duration>1</duration><type>eighth</type><beam number="1">begin</beam><lyric><syllabic>single</syllabic><text>P.</text></lyric></note>
C,9,G,1,2,d.,<note><pitch><step>G</step><alter>1</alter><octave>2</octave></pitch><duration>1</duration><type>eighth</type><beam number="1">begin</beam><lyric><syllabic>single</syllabic><text>d.</text></lyric></note>
C,10,A,0,2,D.,<note><pitch><step>A</step><alter>0</alter><octave>2</octave></pitch><duration>1</duration><type>eighth</type><beam number="1">begin</beam><lyric><syllabic>single</syllabic><text>D.</text></lyric></note>
C,11,A,1,2,n.,<note><pitch><step>A</step><alter>1</alter><octave>2</octave></pitch><duration>1</duration><type>eighth</type><beam number="1">begin</beam><lyric><syllabic>single</syllabic><text>n.</text></lyric></note>
C,12,B,0,2,N.,<note><pitch><step>B</step><alter>0</alter><octave>2</octave></pitch><duration>1</duration><type>eighth</type><beam number="1">begin</beam><lyric><syllabic>single</syllabic><text>N.</text></lyric></note>
C,13,C,0,3,S,<note><pitch><step>C</step><alter>0</alter><octave>3</octave></pitch><duration>1</duration><type>eighth</type><beam number="1">begin</beam><lyric><syllabic>single</syllabic><text>S</text></lyric></note>
C,14,C,1,3,r,<note><pitch><step>C</step><alter>1</alter><octave>3</octave></pitch><duration>1</duration><type>eighth</type><beam number="1">begin</beam><lyric><syllabic>single</syllabic><text>r</text></lyric></note>
C,15,D,0,3,R,<note><pitch><step>D</step><alter>0</alter><octave>3</octave></pitch><duration>1</duration><type>eighth</type><beam number="1">begin</beam><lyric><syllabic>single</syllabic><text>R</text></lyric></note>
C,16,D,1,3,g,<note><pitch><step>D</step><alter>1</alter><octave>3</octave></pitch><duration>1</duration><type>eighth</type><beam number="1">begin</beam><lyric><syllabic>single</syllabic><text>g</text></lyric></note>
C,17,E,0,3,G,<note><pitch><step>E</step><alter>0</alter><octave>3</octave></pitch><duration>1</duration><type>eighth</type><beam number="1">begin</beam><lyric><syllabic>single</syllabic><text>G</text></lyric></note>
C,18,F,0,3,m,<note><pitch><step>F</step><alter>0</alter><octave>3</octave></pitch><duration>1</duration><type>eighth</type><beam number="1">begin</beam><lyric><syllabic>single</syllabic><text>m</text></lyric></note>
C,19,F,1,3,M,<note><pitch><step>F</step><alter>1</alter><octave>3</octave></pitch><duration>1</duration><type>eighth</type><beam number="1">begin</beam><lyric><syllabic>single</syllabic><text>M</text></lyric></note>
C,20,G,0,3,P,<note><pitch><step>G</step><alter>0</alter><octave>3</octave></pitch><duration>1</duration><type>eighth</type><beam number="1">begin</beam><lyric><syllabic>single</syllabic><text>P</text></lyric></note>
C,21,G,1,3,d,<note><pitch><step>G</step><alter>1</alter><octave>3</octave></pitch><duration>1</duration><type>eighth</type><beam number="1">begin</beam><lyric><syllabic>single</syllabic><text>d</text></lyric></note>
C,22,A,0,3,D,<note><pitch><step>A</step><alter>0</alter><octave>3</octave></pitch><duration>1</duration><type>eighth</type><beam number="1">begin</beam><lyric><syllabic>single</syllabic><text>D</text></lyric></note>
C,23,A,1,3,n,<note><pitch><step>A</step><alter>1</alter><octave>3</octave></pitch><duration>1</duration><type>eighth</type><beam number="1">begin</beam><lyric><syllabic>single</syllabic><text>n</text></lyric></note>
C,24,B,0,3,N,<note><pitch><step>B</step><alter>0</alter><octave>3</octave></pitch><duration>1</duration><type>eighth</type><beam number="1">begin</beam><lyric><syllabic>single</syllabic><text>N</text></lyric></note>
C,25,C,0,4,S',<note><pitch><step>C</step><alter>0</alter><octave>4</octave></pitch><duration>1</duration><type>eighth</type><beam number="1">begin</beam><lyric><syllabic>single</syllabic><text>S'</text></lyric></note>
C,26,C,1,4,r',<note><pitch><step>C</step><alter>1</alter><octave>4</octave></pitch><duration>1</duration><type>eighth</type><beam number="1">begin</beam><lyric><syllabic>single</syllabic><text>r'</text></lyric></note>
C,27,D,0,4,R',<note><pitch><step>D</step><alter>0</alter><octave>4</octave></pitch><duration>1</duration><type>eighth</type><beam number="1">begin</beam><lyric><syllabic>single</syllabic><text>R'</text></lyric></note>
C,28,D,1,4,g',<note><pitch><step>D</step><alter>1</alter><octave>4</octave></pitch><duration>1</duration><type>eighth</type><beam number="1">begin</beam><lyric><syllabic>single</syllabic><text>g'</text></lyric></note>
C,29,E,0,4,G',<note><pitch><step>E</step><alter>0</alter><octave>4</octave></pitch><duration>1</duration><type>eighth</type><beam number="1">begin</beam><lyric><syllabic>single</syllabic><text>G'</text></lyric></note>
C,30,F,0,4,m',<note><pitch><step>F</step><alter>0</alter><octave>4</octave></pitch><duration>1</duration><type>eighth</type><beam number="1">begin</beam><lyric><syllabic>single</syllabic><text>m'</text></lyric></note>
C,31,F,1,4,M',<note><pitch><step>F</step><alter>1</alter><octave>4</octave></pitch><duration>1</duration><type>eighth</type><beam number="1">begin</beam><lyric><syllabic>single</syllabic><text>M'</text></lyric></note>
C,32,G,0,4,P',<note><pitch><step>G</step><alter>0</alter><octave>4</octave></pitch><duration>1</duration><type>eighth</type><beam number="1">begin</beam><lyric><syllabic>single</syllabic><text>P'</text></lyric></note>
C,33,G,1,4,d',<note><pitch><step>G</step><alter>1</alter><octave>4</octave></pitch><duration>1</duration><type>eighth</type><beam number="1">begin</beam><lyric><syllabic>single</syllabic><text>d'</text></lyric></note>
C,34,A,0,4,D',<note><pitch><step>A</step><alter>0</alter><octave>4</octave></pitch><duration>1</duration><type>eighth</type><beam number="1">begin</beam><lyric><syllabic>single</syllabic><text>D'</text></lyric></note>
C,35,A,1,4,n',<note><pitch><step>A</step><alter>1</alter><octave>4</octave></pitch><duration>1</duration><type>eighth</type><beam number="1">begin</beam><lyric><syllabic>single</syllabic><text>n'</text></lyric></note>
C,36,B,0,4,N',<note><pitch><step>B</step><alter>0</alter><octave>4</octave></pitch><duration>1</duration><type>eighth</type><beam number="1">begin</beam><lyric><syllabic>single</syllabic><text>N'</text></lyric></note>
C#,1,C,1,2,S.,<note><pitch><step>C</step><alter>1</alter><octave>2</octave></pitch><duration>1</duration><type>eighth</type><beam number="1">begin</beam><lyric><syllabic>single</syllabic><text>S.</text></lyric></note>
C#,2,D,0,2,r.,<note><pitch><step>D</step><alter>0</alter><octave>2</octave></pitch><duration>1</duration><type>eighth</type><beam number="1">begin</beam><lyric><syllabic>single</syllabic><text>r.</text></lyric></note>
C#,3,D,1,2,R.,<note><pitch><step>D</step><alter>1</alter><octave>2</octave></pitch><duration>1</duration><type>eighth</type><beam number="1">begin</beam><lyric><syllabic>single</syllabic><text>R.</text></lyric></note>
C#,4,E,0,2,g.,<note><pitch><step>E</step><alter>0</alter><octave>2</octave></pitch><duration>1</duration><type>eighth</type><beam number="1">begin</beam><lyric><syllabic>single</syllabic><text>g.</text></lyric></note>
C#,5,F,0,2,G.,<note><pitch><step>F</step><alter>0</alter><octave>2</octave></pitch><duration>1</duration><type>eighth</type><beam number="1">begin</beam><lyric><syllabic>single</syllabic><text>G.</text></lyric></note>
C#,6,F,1,2,m.,<note><pitch><step>F</step><alter>1</alter><octave>2</octave></pitch><duration>1</duration><type>eighth</type><beam number="1">begin</beam><lyric><syllabic>single</syllabic><text>m.</text></lyric></note>
C#,7,G,0,2,M.,<note><pitch><step>G</step><alter>0</alter><octave>2</octave></pitch><duration>1</duration><type>eighth</type><beam number="1">begin</beam><lyric><syllabic>single</syllabic><text>M.</text></lyric></note>
C#,8,G,1,2,P.,<note><pitch><step>G</step><alter>1</alter><octave>2</octave></pitch><duration>1</duration><type>eighth</type><beam number="1">begin</beam><lyric><syllabic>single</syllabic><text>P.</text></lyric></note>
C#,9,A,0,2,d.,<note><pitch><step>A</step><alter>0</alter><octave>2</octave></pitch><duration>1</duration><type>eighth</type><beam number="1">begin</beam><lyric><syllabic>single</syllabic><text>d.</text></lyric></note>
C#,10,A,1,2,D.,<note><pitch><step>A</step><alter>1</alter><octave>2</octave></pitch><duration>1</duration><type>eighth</type><beam number="1">begin</beam><lyric><syllabic>single</syllabic><text>D.</text></lyric></note>
C#,11,B,0,2,n.,<note><pitch><step>B</step><alter>0</alter><octave>2</octave></pitch><duration>1</duration><type>eighth</type><beam number="1">begin</beam><lyric><syllabic>single</syllabic><text>n.</text></lyric></note>
C#,12,C,0,3,N.,<note><pitch><step>C</step><alter>0</alter><octave>3</octave></pitch><duration>1</duration><type>eighth</type><beam number="1">begin</beam><lyric><syllabic>single</syllabic><text>N.</text></lyric></note>
C#,13,C,1,3,S,<note><pitch><step>C</step><alter>1</alter><octave>3</octave></pitch><duration>1</duration><type>eighth</type><beam number="1">begin</beam><lyric><syllabic>single</syllabic><text>S</text></lyric></note>
C#,14,D,0,3,r,<note><pitch><step>D</step><alter>0</alter><octave>3</octave></pitch><duration>1</duration><type>eighth</type><beam number="1">begin</beam><lyric><syllabic>single</syllabic><text>r</text></lyric></note>
C#,15,D,1,3,R,<note><pitch><step>D</step><alter>1</alter><octave>3</octave></pitch><duration>1</duration><type>eighth</type><beam number="1">begin</beam><lyric><syllabic>single</syllabic><text>R</text></lyric></note>
C#,16,E,0,3,g,<note><pitch><step>E</step><alter>0</alter><octave>3</octave></pitch><duration>1</duration><type>eighth</type><beam number="1">begin</beam><lyric><syllabic>single</syllabic><text>g</text></lyric></note>
C#,17,F,0,3,G,<note><pitch><step>F</step><alter>0</alter><octave>3</octave></pitch><duration>1</duration><type>eighth</type><beam number="1">begin</beam><lyric><syllabic>single</syllabic><text>G</text></lyric></note>
C#,18,F,1,3,m,<note><pitch><step>F</step><alter>1</alter><octave>3</octave></pitch><duration>1</duration><type>eighth</type><beam number="1">begin</beam><lyric><syllabic>single</syllabic><text>m</text></lyric></note>
C#,19,G,0,3,M,<note><pitch><step>G</step><alter>0</alter><octave>3</octave></pitch><duration>1</duration><type>eighth</type><beam number="1">begin</beam><lyric><syllabic>single</syllabic><text>M</text></lyric></note>
C#,20,G,1,3,P,<note><pitch><step>G</step><alter>1</alter><octave>3</octave></pitch><duration>1</duration><type>eighth</type><beam number="1">begin</beam><lyric><syllabic>single</syllabic><text>P</text></lyric></note>
C#,21,A,0,3,d,<note><pitch><step>A</step><alter>0</alter><octave>3</octave></pitch><duration>1</duration><type>eighth</type><beam number="1">begin</beam><lyric><syllabic>single</syllabic><text>d</text></lyric></note>
C#,22,A,1,3,D,<note><pitch><step>A</step><alter>1</alter><octave>3</octave></pitch><duration>1</duration><type>eighth</type><beam number="1">begin</beam><lyric><syllabic>single</syllabic><text>D</text></lyric></note>
C#,23,B,0,3,n,<note><pitch><step>B</step><alter>0</alter><octave>3</octave></pitch><duration>1</duration><type>eighth</type><beam number="1">begin</beam><lyric><syllabic>single</syllabic><text>n</text></lyric></note>
C#,24,C,0,4,N,<note><pitch><step>C</step><alter>0</alter><octave>4</octave></pitch><duration>1</duration><type>eighth</type><beam number="1">begin</beam><lyric><syllabic>single</syllabic><text>N</text></lyric></note>
C#,25,C,1,4,S',<note><pitch><step>C</step><alter>1</alter><octave>4</octave></pitch><duration>1</duration><type>eighth</type><beam number="1">begin</beam><lyric><syllabic>single</syllabic><text>S'</text></lyric></note>
C#,26,D,0,4,r',<note><pitch><step>D</step><alter>0</alter><octave>4</octave></pitch><duration>1</duration><type>eighth</type><beam number="1">begin</beam><lyric><syllabic>single</syllabic><text>r'</text></lyric></note>
C#,27,D,1,4,R',<note><pitch><step>D</step><alter>1</alter><octave>4</octave></pitch><duration>1</duration><type>eighth</type><beam number="1">begin</beam><lyric><syllabic>single</syllabic><text>R'</text></lyric></note>
C#,28,E,0,4,g',<note><pitch><step>E</step><alter>0</alter><octave>4</octave></pitch><duration>1</duration><type>eighth</type><beam number="1">begin</beam><lyric><syllabic>single</syllabic><text>g'</text></lyric></note>
C#,29,F,0,4,G',<note><pitch><step>F</step><alter>0</alter><octave>4</octave></pitch><duration>1</duration><type>eighth</type><beam number="1">begin</beam><lyric><syllabic>single</syllabic><text>G'</text></lyric></note>
C#,30,F,1,4,m',<note><pitch><step>F</step><alter>1</alter><octave>4</octave></pitch><duration>1</duration><type>eighth</type><beam number="1">begin</beam><lyric><syllabic>single</syllabic><text>m'</text></lyric></note>
C#,31,G,0,4,M',<note><pitch><step>G</step><alter>0</alter><octave>4</octave></pitch><duration>1</duration><type>eighth</type><beam number="1">begin</beam><lyric><syllabic>single</syllabic><text>M'</text></lyric></note>
C#,32,G,1,4,P',<note><pitch><step>G</step><alter>1</alter><octave>4</octave></pitch><duration>1</duration><type>eighth</type><beam number="1">begin</beam><lyric><syllabic>single</syllabic><text>P'</text></lyric></note>
C#,33,A,0,4,d',<note><pitch><step>A</step><alter>0</alter><octave>4</octave></pitch><duration>1</duration><type>eighth</type><beam number="1">begin</beam><lyric><syllabic>single</syllabic><text>d'</text></lyric></note>
C#,34,A,1,4,D',<note><pitch><step>A</step><alter>1</alter><octave>4</octave></pitch><duration>1</duration><type>eighth</type><beam number="1">begin</beam><lyric><syllabic>single</syllabic><text>D'</text></lyric></note>
C#,35,B,0,4,n',<note><pitch><step>B</step><alter>0</alter><octave>4</octave></pitch><duration>1</duration><type>eighth</type><beam number="1">begin</beam><lyric><syllabic>single</syllabic><text>n'</text></lyric></note>
C#,36,C,0,5,N',<note><pitch><step>C</step><alter>0</alter><octave>5</octave></pitch><duration>1</duration><type>eighth</type><beam number="1">begin</beam><lyric><syllabic>single</syllabic><text>N'</text></lyric></note>
D,1,D,0,2,S.,<note><pitch><step>D</step><alter>0</alter><octave>2</octave></pitch><duration>1</duration><type>eighth</type><beam number="1">begin</beam><lyric><syllabic>single</syllabic><text>S.</text></lyric></note>
D,2,D,1,2,r.,<note><pitch><step>D</step><alter>1</alter><octave>2</octave></pitch><duration>1</duration><type>eighth</type><beam number="1">begin</beam><lyric><syllabic>single</syllabic><text>r.</text></lyric></note>
D,3,E,0,2,R.,<note><pitch><step>E</step><alter>0</alter><octave>2</octave></pitch><duration>1</duration><type>eighth</type><beam number="1">begin</beam><lyric><syllabic>single</syllabic><text>R.</text></lyric></note>
D,4,F,0,2,g.,<note><pitch><step>F</step><alter>0</alter><octave>2</octave></pitch><duration>1</duration><type>eighth</type><beam number="1">begin</beam><lyric><syllabic>single</syllabic><text>g.</text></lyric></note>
D,5,F,1,2,G.,<note><pitch><step>F</step><alter>1</alter><octave>2</octave></pitch><duration>1</duration><type>eighth</type><beam number="1">begin</beam><lyric><syllabic>single</syllabic><text>G.</text></lyric></note>
D,6,G,0,2,m.,<note><pitch><step>G</step><alter>0</alter><octave>2</octave></pitch><duration>1</duration><type>eighth</type><beam number="1">begin</beam><lyric><syllabic>single</syllabic><text>m.</text></lyric></note>
D,7,G,1,2,M.,<note><pitch><step>G</step><alter>1</alter><octave>2</octave></pitch><duration>1</duration><type>eighth</type><beam number="1">begin</beam><lyric><syllabic>single</syllabic><text>M.</text></lyric></note>
D,8,A,0,2,P.,<note><pitch><step>A</step><alter>0</alter><octave>2</octave></pitch><duration>1</duration><type>eighth</type><beam number="1">begin</beam><lyric><syllabic>single</syllabic><text>P.</text></lyric></note>
D,9,A,1,2,d.,<note><pitch><step>A</step><alter>1</alter><octave>2</octave></pitch><duration>1</duration><type>eighth</type><beam number="1">begin</beam><lyric><syllabic>single</syllabic><text>d.</text></lyric></note>
D,10,B,0,2,D.,<note><pitch><step>B</step><alter>0</alter><octave>2</octave></pitch><duration>1</duration><type>eighth</type><beam number="1">begin</beam><lyric><syllabic>single</syllabic><text>D.</text></lyric></note>
D,11,C,0,3,n.,<note><pitch><step>C</step><alter>0</alter><octave>3</octave></pitch><duration>1</duration><type>eighth</type><beam number="1">begin</beam><lyric><syllabic>single</syllabic><text>n.</text></lyric></note>
D,12,C,1,3,N.,<note><pitch><step>C</step><alter>1</alter><octave>3</octave></pitch><duration>1</duration><type>eighth</type><beam number="1">begin</beam><lyric><syllabic>single</syllabic><text>N.</text></lyric></note>
D,13,D,0,3,S,<note><pitch><step>D</step><alter>0</alter><octave>3</octave></pitch><duration>1</duration><type>eighth</type><beam number="1">begin</beam><lyric><syllabic>single</syllabic><text>S</text></lyric></note>
D,14,D,1,3,r,<note><pitch><step>D</step><alter>1</alter><octave>3</octave></pitch><duration>1</duration><type>eighth</type><beam number="1">begin</beam><lyric><syllabic>single</syllabic><text>r</text></lyric></note>
D,15,E,0,3,R,<note><pitch><step>E</step><alter>0</alter><octave>3</octave></pitch><duration>1</duration><type>eighth</type><beam number="1">begin</beam><lyric><syllabic>single</syllabic><text>R</text></lyric></note>
D,16,F,0,3,g,<note><pitch><step>F</step><alter>0</alter><octave>3</octave></pitch><duration>1</duration><type>eighth</type><beam number="1">begin</beam><lyric><syllabic>single</syllabic><text>g</text></lyric></note>
D,17,F,1,3,G,<note><pitch><step>F</step><alter>1</alter><octave>3</octave></pitch><duration>1</duration><type>eighth</type><beam number="1">begin</beam><lyric><syllabic>single</syllabic><text>G</text></lyric></note>
D,18,G,0,3,m,<note><pitch><step>G</step><alter>0</alter><octave>3</octave></pitch><duration>1</duration><type>eighth</type><beam number="1">begin</beam><lyric><syllabic>single</syllabic><text>m</text></lyric></note>
D,19,G,1,3,M,<note><pitch><step>G</step><alter>1</alter><octave>3</octave></pitch><duration>1</duration><type>eighth</type><beam number="1">begin</beam><lyric><syllabic>single</syllabic><text>M</text></lyric></note>
D,20,A,0,3,P,<note><pitch><step>A</step><alter>0</alter><octave>3</octave></pitch><duration>1</duration><type>eighth</type><beam number="1">begin</beam><lyric><syllabic>single</syllabic><text>P</text></lyric></note>
D,21,A,1,3,d,<note><pitch><step>A</step><alter>1</alter><octave>3</octave></pitch><duration>1</duration><type>eighth</type><beam number="1">begin</beam><lyric><syllabic>single</syllabic><text>d</text></lyric></note>
D,22,B,0,3,D,<note><pitch><step>B</step><alter>0</alter><octave>3</octave></pitch><duration>1</duration><type>eighth</type><beam number="1">begin</beam><lyric><syllabic>single</syllabic><text>D</text></lyric></note>
D,23,C,0,4,n,<note><pitch><step>C</step><alter>0</alter><octave>4</octave></pitch><duration>1</duration><type>eighth</type><beam number="1">begin</beam><lyric><syllabic>single</syllabic><text>n</text></lyric></note>
D,24,C,1,4,N,<note><pitch><step>C</step><alter>1</alter><octave>4</octave></pitch><duration>1</duration><type>eighth</type><beam number="1">begin</beam><lyric><syllabic>single</syllabic><text>N</text></lyric></note>
D,25,D,0,4,S',<note><pitch><step>D</step><alter>0</alter><octave>4</octave></pitch><duration>1</duration><type>eighth</type><beam number="1">begin</beam><lyric><syllabic>single</syllabic><text>S'</text></lyric></note>
D,26,D,1,4,r',<note><pitch><step>D</step><alter>1</alter><octave>4</octave></pitch><duration>1</duration><type>eighth</type><beam number="1">begin</beam><lyric><syllabic>single</syllabic><text>r'</text></lyric></note>
D,27,E,0,4,R',<note><pitch><step>E</step><alter>0</alter><octave>4</octave></pitch><duration>1</duration><type>eighth</type><beam number="1">begin</beam><lyric><syllabic>single</syllabic><text>R'</text></lyric></note>
D,28,F,0,4,g',<note><pitch><step>F</step><alter>0</alter><octave>4</octave></pitch><duration>1</duration><type>eighth</type><beam number="1">begin</beam><lyric><syllabic>single</syllabic><text>g'</text></lyric></note>
D,29,F,1,4,G',<note><pitch><step>F</step><alter>1</alter><octave>4</octave></pitch><duration>1</duration><type>eighth</type><beam number="1">begin</beam><lyric><syllabic>single</syllabic><text>G'</text></lyric></note>
D,30,G,0,4,m',<note><pitch><step>G</step><alter>0</alter><octave>4</octave></pitch><duration>1</duration><type>eighth</type><beam number="1">begin</beam><lyric><syllabic>single</syllabic><text>m'</text></lyric></note>
D,31,G,1,4,M',<note><pitch><step>G</step><alter>1</alter><octave>4</octave></pitch><duration>1</duration><type>eighth</type><beam number="1">begin</beam><lyric><syllabic>single</syllabic><text>M'</text></lyric></note>
D,32,A,0,4,P',<note><pitch><step>A</step><alter>0</alter><octave>4</octave></pitch><duration>1</duration><type>eighth</type><beam number="1">begin</beam><lyric><syllabic>single</syllabic><text>P'</text></lyric></note>
D,33,A,1,4,d',<note><pitch><step>A</step><alter>1</alter><octave>4</octave></pitch><duration>1</duration><type>eighth</type><beam number="1">begin</beam><lyric><syllabic>single</syllabic><text>d'</text></lyric></note>
D,34,B,0,4,D',<note><pitch><step>B</step><alter>0</alter><octave>4</octave></pitch><duration>1</duration><type>eighth</type><beam number="1">begin</beam><lyric><syllabic>single</syllabic><text>D'</text></lyric></note>
D,35,C,0,5,n',<note><pitch><step>C</step><alter>0</alter><octave>5</octave></pitch><duration>1</duration><type>eighth</type><beam number="1">begin</beam><lyric><syllabic>single</syllabic><text>n'</text></lyric></note>
D,36,C,1,5,N',<note><pitch><step>C</step><alter>1</alter><octave>5</octave></pitch><duration>1</duration><type>eighth</type><beam number="1">begin</beam><lyric><syllabic>single</syllabic><text>N'</text></lyric></note>
D#,1,D,1,2,S.,<note><pitch><step>D</step><alter>1</alter><octave>2</octave></pitch><duration>1</duration><type>eighth</type><beam number="1">begin</beam><lyric><syllabic>single</syllabic><text>S.</text></lyric></note>
D#,2,E,0,2,r.,<note><pitch><step>E</step><alter>0</alter><octave>2</octave></pitch><duration>1</duration><type>eighth</type><beam number="1">begin</beam><lyric><syllabic>single</syllabic><text>r.</text></lyric></note>
D#,3,F,0,2,R.,<note><pitch><step>F</step><alter>0</alter><octave>2</octave></pitch><duration>1</duration><type>eighth</type><beam number="1">begin</beam><lyric><syllabic>single</syllabic><text>R.</text></lyric></note>
D#,4,F,1,2,g.,<note><pitch><step>F</step><alter>1</alter><octave>2</octave></pitch><duration>1</duration><type>eighth</type><beam number="1">begin</beam><lyric><syllabic>single</syllabic><text>g.</text></lyric></note>
D#,5,G,0,2,G.,<note><pitch><step>G</step><alter>0</alter><octave>2</octave></pitch><duration>1</duration><type>eighth</type><beam number="1">begin</beam><lyric><syllabic>single</syllabic><text>G.</text></lyric></note>
D#,6,G,1,2,m.,<note><pitch><step>G</step><alter>1</alter><octave>2</octave></pitch><duration>1</duration><type>eighth</type><beam number="1">begin</beam><lyric><syllabic>single</syllabic><text>m.</text></lyric></note>
D#,7,A,0,2,M.,<note><pitch><step>A</step><alter>0</alter><octave>2</octave></pitch><duration>1</duration><type>eighth</type><beam number="1">begin</beam><lyric><syllabic>single</syllabic><text>M.</text></lyric></note>
D#,8,A,1,2,P.,<note><pitch><step>A</step><alter>1</alter><octave>2</octave></pitch><duration>1</duration><type>eighth</type><beam number="1">begin</beam><lyric><syllabic>single</syllabic><text>P.</text></lyric></note>
D#,9,B,0,2,d.,<note><pitch><step>B</step><alter>0</alter><octave>2</octave></pitch><duration>1</duration><type>eighth</type><beam number="1">begin</beam><lyric><syllabic>single</syllabic><text>d.</text></lyric></note>
D#,10,C,0,3,D.,<note><pitch><step>C</step><alter>0</alter><octave>3</octave></pitch><duration>1</duration><type>eighth</type><beam number="1">begin</beam><lyric><syllabic>single</syllabic><text>D.</text></lyric></note>
D#,11,C,1,3,n.,<note><pitch><step>C</step><alter>1</alter><octave>3</octave></pitch><duration>1</duration><type>eighth</type><beam number="1">begin</beam><lyric><syllabic>single</syllabic><text>n.</text></lyric></note>
D#,12,D,0,3,N.,<note><pitch><step>D</step><alter>0</alter><octave>3</octave></pitch><duration>1</duration><type>eighth</type><beam number="1">begin</beam><lyric><syllabic>single</syllabic><text>N.</text></lyric></note>
D#,13,D,1,3,S,<note><pitch><step>D</step><alter>1</alter><octave>3</octave></pitch><duration>1</duration><type>eighth</type><beam number="1">begin</beam><lyric><syllabic>single</syllabic><text>S</text></lyric></note>
D#,14,E,0,3,r,<note><pitch><step>E</step><alter>0</alter><octave>3</octave></pitch><duration>1</duration><type>eighth</type><beam number="1">begin</beam><lyric><syllabic>single</syllabic><text>r</text></lyric></note>
D#,15,F,0,3,R,<note><pitch><step>F</step><alter>0</alter><octave>3</octave></pitch><duration>1</duration><type>eighth</type><beam number="1">begin</beam><lyric><syllabic>single</syllabic><text>R</text></lyric></note>
D#,16,F,1,3,g,<note><pitch><step>F</step><alter>1</alter><octave>3</octave></pitch><duration>1</duration><type>eighth</type><beam number="1">begin</beam><lyric><syllabic>single</syllabic><text>g</text></lyric></note>
D#,17,G,0,3,G,<note><pitch><step>G</step><alter>0</alter><octave>3</octave></pitch><duration>1</duration><type>eighth</type><beam number="1">begin</beam><lyric><syllabic>single</syllabic><text>G</text></lyric></note>
D#,18,G,1,3,m,<note><pitch><step>G</step><alter>1</alter><octave>3</octave></pitch><duration>1</duration><type>eighth</type><beam number="1">begin</beam><lyric><syllabic>single</syllabic><text>m</text></lyric></note>
D#,19,A,0,3,M,<note><pitch><step>A</step><alter>0</alter><octave>3</octave></pitch><duration>1</duration><type>eighth</type><beam number="1">begin</beam><lyric><syllabic>single</syllabic><text>M</text></lyric></note>
D#,20,A,1,3,P,<note><pitch><step>A</step><alter>1</alter><octave>3</octave></pitch><duration>1</duration><type>eighth</type><beam number="1">begin</beam><lyric><syllabic>single</syllabic><text>P</text></lyric></note>
D#,21,B,0,3,d,<note><pitch><step>B</step><alter>0</alter><octave>3</octave></pitch><duration>1</duration><type>eighth</type><beam number="1">begin</beam><lyric><syllabic>single</syllabic><text>d</text></lyric></note>
D#,22,C,0,4,D,<note><pitch><step>C</step><alter>0</alter><octave>4</octave></pitch><duration>1</duration><type>eighth</type><beam number="1">begin</beam><lyric><syllabic>single</syllabic><text>D</text></lyric></note>
D#,23,C,1,4,n,<note><pitch><step>C</step><alter>1</alter><octave>4</octave></pitch><duration>1</duration><type>eighth</type><beam number="1">begin</beam><lyric><syllabic>single</syllabic><text>n</text></lyric></note>
D#,24,D,0,4,N,<note><pitch><step>D</step><alter>0</alter><octave>4</octave></pitch><duration>1</duration><type>eighth</type><beam number="1">begin</beam><lyric><syllabic>single</syllabic><text>N</text></lyric></note>
D#,25,D,1,4,S',<note><pitch><step>D</step><alter>1</alter><octave>4</octave></pitch><duration>1</duration><type>eighth</type><beam number="1">begin</beam><lyric><syllabic>single</syllabic><text>S'</text></lyric></note>
D#,26,E,0,4,r',<note><pitch><step>E</step><alter>0</alter><octave>4</octave></pitch><duration>1</duration><type>eighth</type><beam number="1">begin</beam><lyric><syllabic>single</syllabic><text>r'</text></lyric></note>
D#,27,F,0,4,R',<note><pitch><step>F</step><alter>0</alter><octave>4</octave></pitch><duration>1</duration><type>eighth</type><beam number="1">begin</beam><lyric><syllabic>single</syllabic><text>R'</text></lyric></note>
D#,28,F,1,4,g',<note><pitch><step>F</step><alter>1</alter><octave>4</octave></pitch><duration>1</duration><type>eighth</type><beam number="1">begin</beam><lyric><syllabic>single</syllabic><text>g'</text></lyric></note>
D#,29,G,0,4,G',<note><pitch><step>G</step><alter>0</alter><octave>4</octave></pitch><duration>1</duration><type>eighth</type><beam number="1">begin</beam><lyric><syllabic>single</syllabic><text>G'</text></lyric></note>
D#,30,G,1,4,m',<note><pitch><step>G</step><alter>1</alter><octave>4</octave></pitch><duration>1</duration><type>eighth</type><beam number="1">begin</beam><lyric><syllabic>single</syllabic><text>m'</text></lyric></note>
D#,31,A,0,4,M',<note><pitch><step>A</step><alter>0</alter><octave>4</octave></pitch><duration>1</duration><type>eighth</type><beam number="1">begin</beam><lyric><syllabic>single</syllabic><text>M'</text></lyric></note>
D#,32,A,1,4,P',<note><pitch><step>A</step><alter>1</alter><octave>4</octave></pitch><duration>1</duration><type>eighth</type><beam number="1">begin</beam><lyric><syllabic>single</syllabic><text>P'</text></lyric></note>
D#,33,B,0,4,d',<note><pitch><step>B</step><alter>0</alter><octave>4</octave></pitch><duration>1</duration><type>eighth</type><beam number="1">begin</beam><lyric><syllabic>single</syllabic><text>d'</text></lyric></note>
D#,34,C,0,5,D',<note><pitch><step>C</step><alter>0</alter><octave>5</octave></pitch><duration>1</duration><type>eighth</type><beam number="1">begin</beam><lyric><syllabic>single</syllabic><text>D'</text></lyric></note>
D#,35,C,1,5,n',<note><pitch><step>C</step><alter>1</alter><octave>5</octave></pitch><duration>1</duration><type>eighth</type><beam number="1">begin</beam><lyric><syllabic>single</syllabic><text>n'</text></lyric></note>
D#,36,D,0,5,N',<note><pitch><step>D</step><alter>0</alter><octave>5</octave></pitch><duration>1</duration><type>eighth</type><beam number="1">begin</beam><lyric><syllabic>single</syllabic><text>N'</text></lyric></note>
E,1,E,0,2,S.,<note><pitch><step>E</step><alter>0</alter><octave>2</octave></pitch><duration>1</duration><type>eighth</type><beam number="1">begin</beam><lyric><syllabic>single</syllabic><text>S.</text></lyric></note>
E,2,F,0,2,r.,<note><pitch><step>F</step><alter>0</alter><octave>2</octave></pitch><duration>1</duration><type>eighth</type><beam number="1">begin</beam><lyric><syllabic>single</syllabic><text>r.</text></lyric></note>
E,3,F,1,2,R.,<note><pitch><step>F</step><alter>1</alter><octave>2</octave></pitch><duration>1</duration><type>eighth</type><beam number="1">begin</beam><lyric><syllabic>single</syllabic><text>R.</text></lyric></note>
E,4,G,0,2,g.,<note><pitch><step>G</step><alter>0</alter><octave>2</octave></pitch><duration>1</duration><type>eighth</type><beam number="1">begin</beam><lyric><syllabic>single</syllabic><text>g.</text></lyric></note>
E,5,G,1,2,G.,<note><pitch><step>G</step><alter>1</alter><octave>2</octave></pitch><duration>1</duration><type>eighth</type><beam number="1">begin</beam><lyric><syllabic>single</syllabic><text>G.</text></lyric></note>
E,6,A,0,2,m.,<note><pitch><step>A</step><alter>0</alter><octave>2</octave></pitch><duration>1</duration><type>eighth</type><beam number="1">begin</beam><lyric><syllabic>single</syllabic><text>m.</text></lyric></note>
E,7,A,1,2,M.,<note><pitch><step>A</step><alter>1</alter><octave>2</octave></pitch><duration>1</duration><type>eighth</type><beam number="1">begin</beam><lyric><syllabic>single</syllabic><text>M.</text></lyric></note>
E,8,B,0,2,P.,<note><pitch><step>B</step><alter>0</alter><octave>2</octave></pitch><duration>1</duration><type>eighth</type><beam number="1">begin</beam><lyric><syllabic>single</syllabic><text>P.</text></lyric></note>
E,9,C,0,3,d.,<note><pitch><step>C</step><alter>0</alter><octave>3</octave></pitch><duration>1</duration><type>eighth</type><beam number="1">begin</beam><lyric><syllabic>single</syllabic><text>d.</text></lyric></note>
E,10,C,1,3,D.,<note><pitch><step>C</step><alter>1</alter><octave>3</octave></pitch><duration>1</duration><type>eighth</type><beam number="1">begin</beam><lyric><syllabic>single</syllabic><text>D.</text></lyric></note>
E,11,D,0,3,n.,<note><pitch><step>D</step><alter>0</alter><octave>3</octave></pitch><duration>1</duration><type>eighth</type><beam number="1">begin</beam><lyric><syllabic>single</syllabic><text>n.</text></lyric></note>
E,12,D,1,3,N.,<note><pitch><step>D</step><alter>1</alter><octave>3</octave></pitch><duration>1</duration><type>eighth</type><beam number="1">begin</beam><lyric><syllabic>single</syllabic><text>N.</text></lyric></note>
E,13,E,0,3,S,<note><pitch><step>E</step><alter>0</alter><octave>3</octave></pitch><duration>1</duration><type>eighth</type><beam number="1">begin</beam><lyric><syllabic>single</syllabic><text>S</text></lyric></note>
E,14,F,0,3,r,<note><pitch><step>F</step><alter>0</alter><octave>3</octave></pitch><duration>1</duration><type>eighth</type><beam number="1">begin</beam><lyric><syllabic>single</syllabic><text>r</text></lyric></note>
E,15,F,1,3,R,<note><pitch><step>F</step><alter>1</alter><octave>3</octave></pitch><duration>1</duration><type>eighth</type><beam number="1">begin</beam><lyric><syllabic>single</syllabic><text>R</text></lyric></note>
E,16,G,0,3,g,<note><pitch><step>G</step><alter>0</alter><octave>3</octave></pitch><duration>1</duration><type>eighth</type><beam number="1">begin</beam><lyric><syllabic>single</syllabic><text>g</text></lyric></note>
E,17,G,1,3,G,<note><pitch><step>G</step><alter>1</alter><octave>3</octave></pitch><duration>1</duration><type>eighth</type><beam number="1">begin</beam><lyric><syllabic>single</syllabic><text>G</text></lyric></note>
E,18,A,0,3,m,<note><pitch><step>A</step><alter>0</alter><octave>3</octave></pitch><duration>1</duration><type>eighth</type><beam number="1">begin</beam><lyric><syllabic>single</syllabic><text>m</text></lyric></note>
E,19,A,1,3,M,<note><pitch><step>A</step><alter>1</alter><octave>3</octave></pitch><duration>1</duration><type>eighth</type><beam number="1">begin</beam><lyric><syllabic>single</syllabic><text>M</text></lyric></note>
E,20,B,0,3,P,<note><pitch><step>B</step><alter>0</alter><octave>3</octave></pitch><duration>1</duration><type>eighth</type><beam number="1">begin</beam><lyric><syllabic>single</syllabic><text>P</text></lyric></note>
E,21,C,0,4,d,<note><pitch><step>C</step><alter>0</alter><octave>4</octave></pitch><duration>1</duration><type>eighth</type><beam number="1">begin</beam><lyric><syllabic>single</syllabic><text>d</text></lyric></note>
E,22,C,1,4,D,<note><pitch><step>C</step><alter>1</alter><octave>4</octave></pitch><duration>1</duration><type>eighth</type><beam number="1">begin</beam><lyric><syllabic>single</syllabic><text>D</text></lyric></note>
E,23,D,0,4,n,<note><pitch><step>D</step><alter>0</alter><octave>4</octave></pitch><duration>1</duration><type>eighth</type><beam number="1">begin</beam><lyric><syllabic>single</syllabic><text>n</text></lyric></note>
E,24,D,1,4,N,<note><pitch><step>D</step><alter>1</alter><octave>4</octave></pitch><duration>1</duration><type>eighth</type><beam number="1">begin</beam><lyric><syllabic>single</syllabic><text>N</text></lyric></note>
E,25,E,0,4,S',<note><pitch><step>E</step><alter>0</alter><octave>4</octave></pitch><duration>1</duration><type>eighth</type><beam number="1">begin</beam><lyric><syllabic>single</syllabic><text>S'</text></lyric></note>
E,26,F,0,4,r',<note><pitch><step>F</step><alter>0</alter><octave>4</octave></pitch><duration>1</duration><type>eighth</type><beam number="1">begin</beam><lyric><syllabic>single</syllabic><text>r'</text></lyric></note>
E,27,F,1,4,R',<note><pitch><step>F</step><alter>1</alter><octave>4</octave></pitch><duration>1</duration><type>eighth</type><beam number="1">begin</beam><lyric><syllabic>single</syllabic><text>R'</text></lyric></note>
E,28,G,0,4,g',<note><pitch><step>G</step><alter>0</alter><octave>4</octave></pitch><duration>1</duration><type>eighth</type><beam number="1">begin</beam><lyric><syllabic>single</syllabic><text>g'</text></lyric></note>
E,29,G,1,4,G',<note><pitch><step>G</step><alter>1</alter><octave>4</octave></pitch><duration>1</duration><type>eighth</type><beam number="1">begin</beam><lyric><syllabic>single</syllabic><text>G'</text></lyric></note>
E,30,A,0,4,m',<note><pitch><step>A</step><alter>0</alter><octave>4</octave></pitch><duration>1</duration><type>eighth</type><beam number="1">begin</beam><lyric><syllabic>single</syllabic><text>m'</text></lyric></note>
E,31,A,1,4,M',<note><pitch><step>A</step><alter>1</alter><octave>4</octave></pitch><duration>1</duration><type>eighth</type><beam number="1">begin</beam><lyric><syllabic>single</syllabic><text>M'</text></lyric></note>
E,32,B,0,4,P',<note><pitch><step>B</step><alter>0</alter><octave>4</octave></pitch><duration>1</duration><type>eighth</type><beam number="1">begin</beam><lyric><syllabic>single</syllabic><text>P'</text></lyric></note>
E,33,C,0,5,d',<note><pitch><step>C</step><alter>0</alter><octave>5</octave></pitch><duration>1</duration><type>eighth</type><beam number="1">begin</beam><lyric><syllabic>single</syllabic><text>d'</text></lyric></note>
E,34,C,1,5,D',<note><pitch><step>C</step><alter>1</alter><octave>5</octave></pitch><duration>1</duration><type>eighth</type><beam number="1">begin</beam><lyric><syllabic>single</syllabic><text>D'</text></lyric></note>
E,35,D,0,5,n',<note><pitch><step>D</step><alter>0</alter><octave>5</octave></pitch><duration>1</duration><type>eighth</type><beam number="1">begin</beam><lyric><syllabic>single</syllabic><text>n'</text></lyric></note>
E,36,D,1,5,N',<note><pitch><step>D</step><alter>1</alter><octave>5</octave></pitch><duration>1</duration><type>eighth</type><beam number="1">begin</beam><lyric><syllabic>single</syllabic><text>N'</text></lyric></note>
F,1,F,0,2,S.,<note><pitch><step>F</step><alter>0</alter><octave>2</octave></pitch><duration>1</duration><type>eighth</type><beam number="1">begin</beam><lyric><syllabic>single</syllabic><text>S.</text></lyric></note>
F,2,F,1,2,r.,<note><pitch><step>F</step><alter>1</alter><octave>2</octave></pitch><duration>1</duration><type>eighth</type><beam number="1">begin</beam><lyric><syllabic>single</syllabic><text>r.</text></lyric></note>
F,3,G,0,2,R.,<note><pitch><step>G</step><alter>0</alter><octave>2</octave></pitch><duration>1</duration><type>eighth</type><beam number="1">begin</beam><lyric><syllabic>single</syllabic><text>R.</text></lyric></note>
F,4,G,1,2,g.,<note><pitch><step>G</step><alter>1</alter><octave>2</octave></pitch><duration>1</duration><type>eighth</type><beam number="1">begin</beam><lyric><syllabic>single</syllabic><text>g.</text></lyric></note>
F,5,A,0,2,G.,<note><pitch><step>A</step><alter>0</alter><octave>2</octave></pitch><duration>1</duration><type>eighth</type><beam number="1">begin</beam><lyric><syllabic>single</syllabic><text>G.</text></lyric></note>
F,6,A,1,2,m.,<note><pitch><step>A</step><alter>1</alter><octave>2</octave></pitch><duration>1</duration><type>eighth</type><beam number="1">begin</beam><lyric><syllabic>single</syllabic><text>m.</text></lyric></note>
F,7,B,0,2,M.,<note><pitch><step>B</step><alter>0</alter><octave>2</octave></pitch><duration>1</duration><type>eighth</type><beam number="1">begin</beam><lyric><syllabic>single</syllabic><text>M.</text></lyric></note>
F,8,C,0,3,P.,<note><pitch><step>C</step><alter>0</alter><octave>3</octave></pitch><duration>1</duration><type>eighth</type><beam number="1">begin</beam><lyric><syllabic>single</syllabic><text>P.</text></lyric></note>
F,9,C,1,3,d.,<note><pitch><step>C</step><alter>1</alter><octave>3</octave></pitch><duration>1</duration><type>eighth</type><beam number="1">begin</beam><lyric><syllabic>single</syllabic><text>d.</text></lyric></note>
F,10,D,0,3,D.,<note><pitch><step>D</step><alter>0</alter><octave>3</octave></pitch><duration>1</duration><type>eighth</type><beam number="1">begin</beam><lyric><syllabic>single</syllabic><text>D.</text></lyric></note>
F,11,D,1,3,n.,<note><pitch><step>D</step><alter>1</alter><octave>3</octave></pitch><duration>1</duration><type>eighth</type><beam number="1">begin</beam><lyric><syllabic>single</syllabic><text>n.</text></lyric></note>
F,12,E,0,3,N.,<note><pitch><step>E</step><alter>0</alter><octave>3</octave></pitch><duration>1</duration><type>eighth</type><beam number="1">begin</beam><lyric><syllabic>single</syllabic><text>N.</text></lyric></note>
F,13,F,0,3,S,<note><pitch><step>F</step><alter>0</alter><octave>3</octave></pitch><duration>1</duration><type>eighth</type><beam number="1">begin</beam><lyric><syllabic>single</syllabic><text>S</text></lyric></note>
F,14,F,1,3,r,<note><pitch><step>F</step><alter>1</alter><octave>3</octave></pitch><duration>1</duration><type>eighth</type><beam number="1">begin</beam><lyric><syllabic>single</syllabic><text>r</text></lyric></note>
F,15,G,0,3,R,<note><pitch><step>G</step><alter>0</alter><octave>3</octave></pitch><duration>1</duration><type>eighth</type><beam number="1">begin</beam><lyric><syllabic>single</syllabic><text>R</text></lyric></note>
F,16,G,1,3,g,<note><pitch><step>G</step><alter>1</alter><octave>3</octave></pitch><duration>1</duration><type>eighth</type><beam number="1">begin</beam><lyric><syllabic>single</syllabic><text>g</text></lyric></note>
F,17,A,0,3,G,<note><pitch><step>A</step><alter>0</alter><octave>3</octave></pitch><duration>1</duration><type>eighth</type><beam number="1">begin</beam><lyric><syllabic>single</syllabic><text>G</text></lyric></note>
F,18,A,1,3,m,<note><pitch><step>A</step><alter>1</alter><octave>3</octave></pitch><duration>1</duration><type>eighth</type><beam number="1">begin</beam><lyric><syllabic>single</syllabic><text>m</text></lyric></note>
F,19,B,0,3,M,<note><pitch><step>B</step><alter>0</alter><octave>3</octave></pitch><duration>1</duration><type>eighth</type><beam number="1">begin</beam><lyric><syllabic>single</syllabic><text>M</text></lyric></note>
F,20,C,0,4,P,<note><pitch><step>C</step><alter>0</alter><octave>4</octave></pitch><duration>1</duration><type>eighth</type><beam number="1">begin</beam><lyric><syllabic>single</syllabic><text>P</text></lyric></note>
F,21,C,1,4,d,<note><pitch><step>C</step><alter>1</alter><octave>4</octave></pitch><duration>1</duration><type>eighth</type><beam number="1">begin</beam><lyric><syllabic>single</syllabic><text>d</text></lyric></note>
F,22,D,0,4,D,<note><pitch><step>D</step><alter>0</alter><octave>4</octave></pitch><duration>1</duration><type>eighth</type><beam number="1">begin</beam><lyric><syllabic>single</syllabic><text>D</text></lyric></note>
F,23,D,1,4,n,<note><pitch><step>D</step><alter>1</alter><octave>4</octave></pitch><duration>1</duration><type>eighth</type><beam number="1">begin</beam><lyric><syllabic>single</syllabic><text>n</text></lyric></note>
F,24,E,0,4,N,<note><pitch><step>E</step><alter>0</alter><octave>4</octave></pitch><duration>1</duration><type>eighth</type><beam number="1">begin</beam><lyric><syllabic>single</syllabic><text>N</text></lyric></note>
F,25,F,0,4,S',<note><pitch><step>F</step><alter>0</alter><octave>4</octave></pitch><duration>1</duration><type>eighth</type><beam number="1">begin</beam><lyric><syllabic>single</syllabic><text>S'</text></lyric></note>
F,26,F,1,4,r',<note><pitch><step>F</step><alter>1</alter><octave>4</octave></pitch><duration>1</duration><type>eighth</type><beam number="1">begin</beam><lyric><syllabic>single</syllabic><text>r'</text></lyric></note>
F,27,G,0,4,R',<note><pitch><step>G</step><alter>0</alter><octave>4</octave></pitch><duration>1</duration><type>eighth</type><beam number="1">begin</beam><lyric><syllabic>single</syllabic><text>R'</text></lyric></note>
F,28,G,1,4,g',<note><pitch><step>G</step><alter>1</alter><octave>4</octave></pitch><duration>1</duration><type>eighth</type><beam number="1">begin</beam><lyric><syllabic>single</syllabic><text>g'</text></lyric></note>
F,29,A,0,4,G',<note><pitch><step>A</step><alter>0</alter><octave>4</octave></pitch><duration>1</duration><type>eighth</type><beam number="1">begin</beam><lyric><syllabic>single</syllabic><text>G'</text></lyric></note>
F,30,A,1,4,m',<note><pitch><step>A</step><alter>1</alter><octave>4</octave></pitch><duration>1</duration><type>eighth</type><beam number="1">begin</beam><lyric><syllabic>single</syllabic><text>m'</text></lyric></note>
F,31,B,0,4,M',<note><pitch><step>B</step><alter>0</alter><octave>4</octave></pitch><duration>1</duration><type>eighth</type><beam number="1">begin</beam><lyric><syllabic>single</syllabic><text>M'</text></lyric></note>
F,32,C,0,5,P',<note><pitch><step>C</step><alter>0</alter><octave>5</octave></pitch><duration>1</duration><type>eighth</type><beam number="1">begin</beam><lyric><syllabic>single</syllabic><text>P'</text></lyric></note>
F,33,C,1,5,d',<note><pitch><step>C</step><alter>1</alter><octave>5</octave></pitch><duration>1</duration><type>eighth</type><beam number="1">begin</beam><lyric><syllabic>single</syllabic><text>d'</text></lyric></note>
F,34,D,0,5,D',<note><pitch><step>D</step><alter>0</alter><octave>5</octave></pitch><duration>1</duration><type>eighth</type><beam number="1">begin</beam><lyric><syllabic>single</syllabic><text>D'</text></lyric></note>
F,35,D,1,5,n',<note><pitch><step>D</step><alter>1</alter><octave>5</octave></pitch><duration>1</duration><type>eighth</type><beam number="1">begin</beam><lyric><syllabic>single</syllabic><text>n'</text></lyric></note>
F,36,E,0,5,N',<note><pitch><step>E</step><alter>0</alter><octave>5</octave></pitch><duration>1</duration><type>eighth</type><beam number="1">begin</beam><lyric><syllabic>single</syllabic><text>N'</text></lyric></note>
F#,1,F,1,2,S.,<note><pitch><step>F</step><alter>1</alter><octave>2</octave></pitch><duration>1</duration><type>eighth</type><beam number="1">begin</beam><lyric><syllabic>single</syllabic><text>S.</text></lyric></note>
F#,2,G,0,2,r.,<note><pitch><step>G</step><alter>0</alter><octave>2</octave></pitch><duration>1</duration><type>eighth</type><beam number="1">begin</beam><lyric><syllabic>single</syllabic><text>r.</text></lyric></note>
F#,3,G,1,2,R.,<note><pitch><step>G</step><alter>1</alter><octave>2</octave></pitch><duration>1</duration><type>eighth</type><beam number="1">begin</beam><lyric><syllabic>single</syllabic><text>R.</text></lyric></note>
F#,4,A,0,2,g.,<note><pitch><step>A</step><alter>0</alter><octave>2</octave></pitch><duration>1</duration><type>eighth</type><beam number="1">begin</beam><lyric><syllabic>single</syllabic><text>g.</text></lyric></note>
F#,5,A,1,2,G.,<note><pitch><step>A</step><alter>1</alter><octave>2</octave></pitch><duration>1</duration><type>eighth</type><beam number="1">begin</beam><lyric><syllabic>single</syllabic><text>G.</text></lyric></note>
F#,6,B,0,2,m.,<note><pitch><step>B</step><alter>0</alter><octave>2</octave></pitch><duration>1</duration><type>eighth</type><beam number="1">begin</beam><lyric><syllabic>single</syllabic><text>m.</text></lyric></note>
F#,7,C,0,3,M.,<note><pitch><step>C</step><alter>0</alter><octave>3</octave></pitch><duration>1</duration><type>eighth</type><beam number="1">begin</beam><lyric><syllabic>single</syllabic><text>M.</text></lyric></note>
F#,8,C,1,3,P.,<note><pitch><step>C</step><alter>1</alter><octave>3</octave></pitch><duration>1</duration><type>eighth</type><beam number="1">begin</beam><lyric><syllabic>single</syllabic><text>P.</text></lyric></note>
F#,9,D,0,3,d.,<note><pitch><step>D</step><alter>0</alter><octave>3</octave></pitch><duration>1</duration><type>eighth</type><beam number="1">begin</beam><lyric><syllabic>single</syllabic><text>d.</text></lyric></note>
F#,10,D,1,3,D.,<note><pitch><step>D</step><alter>1</alter><octave>3</octave></pitch><duration>1</duration><type>eighth</type><beam number="1">begin</beam><lyric><syllabic>single</syllabic><text>D.</text></lyric></note>
F#,11,E,0,3,n.,<note><pitch><step>E</step><alter>0</alter><octave>3</octave></pitch><duration>1</duration><type>eighth</type><beam number="1">begin</beam><lyric><syllabic>single</syllabic><text>n.</text></lyric></note>
F#,12,F,0,3,N.,<note><pitch><step>F</step><alter>0</alter><octave>3</octave></pitch><duration>1</duration><type>eighth</type><beam number="1">begin</beam><lyric><syllabic>single</syllabic><text>N.</text></lyric></note>
F#,13,F,1,3,S,<note><pitch><step>F</step><alter>1</alter><octave>3</octave></pitch><duration>1</duration><type>eighth</type><beam number="1">begin</beam><lyric><syllabic>single</syllabic><text>S</text></lyric></note>
F#,14,G,0,3,r,<note><pitch><step>G</step><alter>0</alter><octave>3</octave></pitch><duration>1</duration><type>eighth</type><beam number="1">begin</beam><lyric><syllabic>single</syllabic><text>r</text></lyric></note>
F#,15,G,1,3,R,<note><pitch><step>G</step><alter>1</alter><octave>3</octave></pitch><duration>1</duration><type>eighth</type><beam number="1">begin</beam><lyric><syllabic>single</syllabic><text>R</text></lyric></note>
F#,16,A,0,3,g,<note><pitch><step>A</step><alter>0</alter><octave>3</octave></pitch><duration>1</duration><type>eighth</type><beam number="1">begin</beam><lyric><syllabic>single</syllabic><text>g</text></lyric></note>
F#,17,A,1,3,G,<note><pitch><step>A</step><alter>1</alter><octave>3</octave></pitch><duration>1</duration><type>eighth</type><beam number="1">begin</beam><lyric><syllabic>single</syllabic><text>G</text></lyric></note>
F#,18,B,0,3,m,<note><pitch><step>B</step><alter>0</alter><octave>3</octave></pitch><duration>1</duration><type>eighth</type><beam number="1">begin</beam><lyric><syllabic>single</syllabic><text>m</text></lyric></note>
F#,19,C,0,4,M,<note><pitch><step>C</step><alter>0</alter><octave>4</octave></pitch><duration>1</duration><type>eighth</type><beam number="1">begin</beam><lyric><syllabic>single</syllabic><text>M</text></lyric></note>
F#,20,C,1,4,P,<note><pitch><step>C</step><alter>1</alter><octave>4</octave></pitch><duration>1</duration><type>eighth</type><beam number="1">begin</beam><lyric><syllabic>single</syllabic><text>P</text></lyric></note>
F#,21,D,0,4,d,<note><pitch><step>D</step><alter>0</alter><octave>4</octave></pitch><duration>1</duration><type>eighth</type><beam number="1">begin</beam><lyric><syllabic>single</syllabic><text>d</text></lyric></note>
F#,22,D,1,4,D,<note><pitch><step>D</step><alter>1</alter><octave>4</octave></pitch><duration>1</duration><type>eighth</type><beam number="1">begin</beam><lyric><syllabic>single</syllabic><text>D</text></lyric></note>
F#,23,E,0,4,n,<note><pitch><step>E</step><alter>0</alter><octave>4</octave></pitch><duration>1</duration><type>eighth</type><beam number="1">begin</beam><lyric><syllabic>single</syllabic><text>n</text></lyric></note>
F#,24,F,0,4,N,<note><pitch><step>F</step><alter>0</alter><octave>4</octave></pitch><duration>1</duration><type>eighth</type><beam number="1">begin</beam><lyric><syllabic>single</syllabic><text>N</text></lyric></note>
F#,25,F,1,4,S',<note><pitch><step>F</step><alter>1</alter><octave>4</octave></pitch><duration>1</duration><type>eighth</type><beam number="1">begin</beam><lyric><syllabic>single</syllabic><text>S'</text></lyric></note>
F#,26,G,0,4,r',<note><pitch><step>G</step><alter>0</alter><octave>4</octave></pitch><duration>1</duration><type>eighth</type><beam number="1">begin</beam><lyric><syllabic>single</syllabic><text>r'</text></lyric></note>
F#,27,G,1,4,R',<note><pitch><step>G</step><alter>1</alter><octave>4</octave></pitch><duration>1</duration><type>eighth</type><beam number="1">begin</beam><lyric><syllabic>single</syllabic><text>R'</text></lyric></note>
F#,28,A,0,4,g',<note><pitch><step>A</step><alter>0</alter><octave>4</octave></pitch><duration>1</duration><type>eighth</type><beam number="1">begin</beam><lyric><syllabic>single</syllabic><text>g'</text></lyric></note>
F#,29,A,1,4,G',<note><pitch><step>A</step><alter>1</alter><octave>4</octave></pitch><duration>1</duration><type>eighth</type><beam number="1">begin</beam><lyric><syllabic>single</syllabic><text>G'</text></lyric></note>
F#,30,B,0,4,m',<note><pitch><step>B</step><alter>0</alter><octave>4</octave></pitch><duration>1</duration><type>eighth</type><beam number="1">begin</beam><lyric><syllabic>single</syllabic><text>m'</text></lyric></note>
F#,31,C,0,5,M',<note><pitch><step>C</step><alter>0</alter><octave>5</octave></pitch><duration>1</duration><type>eighth</type><beam number="1">begin</beam><lyric><syllabic>single</syllabic><text>M'</text></lyric></note>
F#,32,C,1,5,P',<note><pitch><step>C</step><alter>1</alter><octave>5</octave></pitch><duration>1</duration><type>eighth</type><beam number="1">begin</beam><lyric><syllabic>single</syllabic><text>P'</text></lyric></note>
F#,33,D,0,5,d',<note><pitch><step>D</step><alter>0</alter><octave>5</octave></pitch><duration>1</duration><type>eighth</type><beam number="1">begin</beam><lyric><syllabic>single</syllabic><text>d'</text></lyric></note>
F#,34,D,1,5,D',<note><pitch><step>D</step><alter>1</alter><octave>5</octave></pitch><duration>1</duration><type>eighth</type><beam number="1">begin</beam><lyric><syllabic>single</syllabic><text>D'</text></lyric></note>
F#,35,E,0,5,n',<note><pitch><step>E</step><alter>0</alter><octave>5</octave></pitch><duration>1</duration><type>eighth</type><beam number="1">begin</beam><lyric><syllabic>single</syllabic><text>n'</text></lyric></note>
F#,36,F,0,5,N',<note><pitch><step>F</step><alter>0</alter><octave>5</octave></pitch><duration>1</duration><type>eighth</type><beam number="1">begin</beam><lyric><syllabic>single</syllabic><text>N'</text></lyric></note>
G,1,G,0,2,S.,<note><pitch><step>G</step><alter>0</alter><octave>2</octave></pitch><duration>1</duration><type>eighth</type><beam number="1">begin</beam><lyric><syllabic>single</syllabic><text>S.</text></lyric></note>
G,2,G,1,2,r.,<note><pitch><step>G</step><alter>1</alter><octave>2</octave></pitch><duration>1</duration><type>eighth</type><beam number="1">begin</beam><lyric><syllabic>single</syllabic><text>r.</text></lyric></note>
G,3,A,0,2,R.,<note><pitch><step>A</step><alter>0</alter><octave>2</octave></pitch><duration>1</duration><type>eighth</type><beam number="1">begin</beam><lyric><syllabic>single</syllabic><text>R.</text></lyric></note>
G,4,A,1,2,g.,<note><pitch><step>A</step><alter>1</alter><octave>2</octave></pitch><duration>1</duration><type>eighth</type><beam number="1">begin</beam><lyric><syllabic>single</syllabic><text>g.</text></lyric></note>
G,5,B,0,2,G.,<note><pitch><step>B</step><alter>0</alter><octave>2</octave></pitch><duration>1</duration><type>eighth</type><beam number="1">begin</beam><lyric><syllabic>single</syllabic><text>G.</text></lyric></note>
G,6,C,0,3,m.,<note><pitch><step>C</step><alter>0</alter><octave>3</octave></pitch><duration>1</duration><type>eighth</type><beam number="1">begin</beam><lyric><syllabic>single</syllabic><text>m.</text></lyric></note>
G,7,C,1,3,M.,<note><pitch><step>C</step><alter>1</alter><octave>3</octave></pitch><duration>1</duration><type>eighth</type><beam number="1">begin</beam><lyric><syllabic>single</syllabic><text>M.</text></lyric></note>
G,8,D,0,3,P.,<note><pitch><step>D</step><alter>0</alter><octave>3</octave></pitch><duration>1</duration><type>eighth</type><beam number="1">begin</beam><lyric><syllabic>single</syllabic><text>P.</text></lyric></note>
G,9,D,1,3,d.,<note><pitch><step>D</step><alter>1</alter><octave>3</octave></pitch><duration>1</duration><type>eighth</type><beam number="1">begin</beam><lyric><syllabic>single</syllabic><text>d.</text></lyric></note>
G,10,E,0,3,D.,<note><pitch><step>E</step><alter>0</alter><octave>3</octave></pitch><duration>1</duration><type>eighth</type><beam number="1">begin</beam><lyric><syllabic>single</syllabic><text>D.</text></lyric></note>
G,11,F,0,3,n.,<note><pitch><step>F</step><alter>0</alter><octave>3</octave></pitch><duration>1</duration><type>eighth</type><beam number="1">begin</beam><lyric><syllabic>single</syllabic><text>n.</text></lyric></note>
G,12,F,1,3,N.,<note><pitch><step>F</step><alter>1</alter><octave>3</octave></pitch><duration>1</duration><type>eighth</type><beam number="1">begin</beam><lyric><syllabic>single</syllabic><text>N.</text></lyric></note>
G,13,G,0,3,S,<note><pitch><step>G</step><alter>0</alter><octave>3</octave></pitch><duration>1</duration><type>eighth</type><beam number="1">begin</beam><lyric><syllabic>single</syllabic><text>S</text></lyric></note>
G,14,G,1,3,r,<note><pitch><step>G</step><alter>1</alter><octave>3</octave></pitch><duration>1</duration><type>eighth</type><beam number="1">begin</beam><lyric><syllabic>single</syllabic><text>r</text></lyric></note>
G,15,A,0,3,R,<note><pitch><step>A</step><alter>0</alter><octave>3</octave></pitch><duration>1</duration><type>eighth</type><beam number="1">begin</beam><lyric><syllabic>single</syllabic><text>R</text></lyric></note>
G,16,A,1,3,g,<note><pitch><step>A</step><alter>1</alter><octave>3</octave></pitch><duration>1</duration><type>eighth</type><beam number="1">begin</beam><lyric><syllabic>single</syllabic><text>g</text></lyric></note>
G,17,B,0,3,G,<note><pitch><step>B</step><alter>0</alter><octave>3</octave></pitch><duration>1</duration><type>eighth</type><beam number="1">begin</beam><lyric><syllabic>single</syllabic><text>G</text></lyric></note>
G,18,C,0,4,m,<note><pitch><step>C</step><alter>0</alter><octave>4</octave></pitch><duration>1</duration><type>eighth</type><beam number="1">begin</beam><lyric><syllabic>single</syllabic><text>m</text></lyric></note>
G,19,C,1,4,M,<note><pitch><step>C</step><alter>1</alter><octave>4</octave></pitch><duration>1</duration><type>eighth</type><beam number="1">begin</beam><lyric><syllabic>single</syllabic><text>M</text></lyric></note>
G,20,D,0,4,P,<note><pitch><step>D</step><alter>0</alter><octave>4</octave></pitch><duration>1</duration><type>eighth</type><beam number="1">begin</beam><lyric><syllabic>single</syllabic><text>P</text></lyric></note>
G,21,D,1,4,d,<note><pitch><step>D</step><alter>1</alter><octave>4</octave></pitch><duration>1</duration><type>eighth</type><beam number="1">begin</beam><lyric><syllabic>single</syllabic><text>d</text></lyric></note>
G,22,E,0,4,D,<note><pitch><step>E</step><alter>0</alter><octave>4</octave></pitch><duration>1</duration><type>eighth</type><beam number="1">begin</beam><lyric><syllabic>single</syllabic><text>D</text></lyric></note>
G,23,F,0,4,n,<note><pitch><step>F</step><alter>0</alter><octave>4</octave></pitch><duration>1</duration><type>eighth</type><beam number="1">begin</beam><lyric><syllabic>single</syllabic><text>n</text></lyric></note>
G,24,F,1,4,N,<note><pitch><step>F</step><alter>1</alter><octave>4</octave></pitch><duration>1</duration><type>eighth</type><beam number="1">begin</beam><lyric><syllabic>single</syllabic><text>N</text></lyric></note>
G,25,G,0,4,S',<note><pitch><step>G</step><alter>0</alter><octave>4</octave></pitch><duration>1</duration><type>eighth</type><beam number="1">begin</beam><lyric><syllabic>single</syllabic><text>S'</text></lyric></note>
G,26,G,1,4,r',<note><pitch><step>G</step><alter>1</alter><octave>4</octave></pitch><duration>1</duration><type>eighth</type><beam number="1">begin</beam><lyric><syllabic>single</syllabic><text>r'</text></lyric></note>
G,27,A,0,4,R',<note><pitch><step>A</step><alter>0</alter><octave>4</octave></pitch><duration>1</duration><type>eighth</type><beam number="1">begin</beam><lyric><syllabic>single</syllabic><text>R'</text></lyric></note>
G,28,A,1,4,g',<note><pitch><step>A</step><alter>1</alter><octave>4</octave></pitch><duration>1</duration><type>eighth</type><beam number="1">begin</beam><lyric><syllabic>single</syllabic><text>g'</text></lyric></note>
G,29,B,0,4,G',<note><pitch><step>B</step><alter>0</alter><octave>4</octave></pitch><duration>1</duration><type>eighth</type><beam number="1">begin</beam><lyric><syllabic>single</syllabic><text>G'</text></lyric></note>
G,30,C,0,5,m',<note><pitch><step>C</step><alter>0</alter><octave>5</octave></pitch><duration>1</duration><type>eighth</type><beam number="1">begin</beam><lyric><syllabic>single</syllabic><text>m'</text></lyric></note>
G,31,C,1,5,M',<note><pitch><step>C</step><alter>1</alter><octave>5</octave></pitch><duration>1</duration><type>eighth</type><beam number="1">begin</beam><lyric><syllabic>single</syllabic><text>M'</text></lyric></note>
G,32,D,0,5,P',<note><pitch><step>D</step><alter>0</alter><octave>5</octave></pitch><duration>1</duration><type>eighth</type><beam number="1">begin</beam><lyric><syllabic>single</syllabic><text>P'</text></lyric></note>
G,33,D,1,5,d',<note><pitch><step>D</step><alter>1</alter><octave>5</octave></pitch><duration>1</duration><type>eighth</type><beam number="1">begin</beam><lyric><syllabic>single</syllabic><text>d'</text></lyric></note>
G,34,E,0,5,D',<note><pitch><step>E</step><alter>0</alter><octave>5</octave></pitch><duration>1</duration><type>eighth</type><beam number="1">begin</beam><lyric><syllabic>single</syllabic><text>D'</text></lyric></note>
G,35,F,0,5,n',<note><pitch><step>F</step><alter>0</alter><octave>5</octave></pitch><duration>1</duration><type>eighth</type><beam number="1">begin</beam><lyric><syllabic>single</syllabic><text>n'</text></lyric></note>
G,36,F,1,5,N',<note><pitch><step>F</step><alter>1</alter><octave>5</octave></pitch><duration>1</duration><type>eighth</type><beam number="1">begin</beam><lyric><syllabic>single</syllabic><text>N'</text></lyric></note>
G#,1,G,1,2,S.,<note><pitch><step>G</step><alter>1</alter><octave>2</octave></pitch><duration>1</duration><type>eighth</type><beam number="1">begin</beam><lyric><syllabic>single</syllabic><text>S.</text></lyric></note>
G#,2,A,0,2,r.,<note><pitch><step>A</step><alter>0</alter><octave>2</octave></pitch><duration>1</duration><type>eighth</type><beam number="1">begin</beam><lyric><syllabic>single</syllabic><text>r.</text></lyric></note>
G#,3,A,1,2,R.,<note><pitch><step>A</step><alter>1</alter><octave>2</octave></pitch><duration>1</duration><type>eighth</type><beam number="1">begin</beam><lyric><syllabic>single</syllabic><text>R.</text></lyric></note>
G#,4,B,0,2,g.,<note><pitch><step>B</step><alter>0</alter><octave>2</octave></pitch><duration>1</duration><type>eighth</type><beam number="1">begin</beam><lyric><syllabic>single</syllabic><text>g.</text></lyric></note>
G#,5,C,0,3,G.,<note><pitch><step>C</step><alter>0</alter><octave>3</octave></pitch><duration>1</duration><type>eighth</type><beam number="1">begin</beam><lyric><syllabic>single</syllabic><text>G.</text></lyric></note>
G#,6,C,1,3,m.,<note><pitch><step>C</step><alter>1</alter><octave>3</octave></pitch><duration>1</duration><type>eighth</type><beam number="1">begin</beam><lyric><syllabic>single</syllabic><text>m.</text></lyric></note>
G#,7,D,0,3,M.,<note><pitch><step>D</step><alter>0</alter><octave>3</octave></pitch><duration>1</duration><type>eighth</type><beam number="1">begin</beam><lyric><syllabic>single</syllabic><text>M.</text></lyric></note>
G#,8,D,1,3,P.,<note><pitch><step>D</step><alter>1</alter><octave>3</octave></pitch><duration>1</duration><type>eighth</type><beam number="1">begin</beam><lyric><syllabic>single</syllabic><text>P.</text></lyric></note>
G#,9,E,0,3,d.,<note><pitch><step>E</step><alter>0</alter><octave>3</octave></pitch><duration>1</duration><type>eighth</type><beam number="1">begin</beam><lyric><syllabic>single</syllabic><text>d.</text></lyric></note>
G#,10,F,0,3,D.,<note><pitch><step>F</step><alter>0</alter><octave>3</octave></pitch><duration>1</duration><type>eighth</type><beam number="1">begin</beam><lyric><syllabic>single</syllabic><text>D.</text></lyric></note>
G#,11,F,1,3,n.,<note><pitch><step>F</step><alter>1</alter><octave>3</octave></pitch><duration>1</duration><type>eighth</type><beam number="1">begin</beam><lyric><syllabic>single</syllabic><text>n.</text></lyric></note>
G#,12,G,0,3,N.,<note><pitch><step>G</step><alter>0</alter><octave>3</octave></pitch><duration>1</duration><type>eighth</type><beam number="1">begin</beam><lyric><syllabic>single</syllabic><text>N.</text></lyric></note>
G#,13,G,1,3,S,<note><pitch><step>G</step><alter>1</alter><octave>3</octave></pitch><duration>1</duration><type>eighth</type><beam number="1">begin</beam><lyric><syllabic>single</syllabic><text>S</text></lyric></note>
G#,14,A,0,3,r,<note><pitch><step>A</step><alter>0</alter><octave>3</octave></pitch><duration>1</duration><type>eighth</type><beam number="1">begin</beam><lyric><syllabic>single</syllabic><text>r</text></lyric></note>
G#,15,A,1,3,R,<note><pitch><step>A</step><alter>1</alter><octave>3</octave></pitch><duration>1</duration><type>eighth</type><beam number="1">begin</beam><lyric><syllabic>single</syllabic><text>R</text></lyric></note>
G#,16,B,0,3,g,<note><pitch><step>B</step><alter>0</alter><octave>3</octave></pitch><duration>1</duration><type>eighth</type><beam number="1">begin</beam><lyric><syllabic>single</syllabic><text>g</text></lyric></note>
G#,17,C,0,4,G,<note><pitch><step>C</step><alter>0</alter><octave>4</octave></pitch><duration>1</duration><type>eighth</type><beam number="1">begin</beam><lyric><syllabic>single</syllabic><text>G</text></lyric></note>
G#,18,C,1,4,m,<note><pitch><step>C</step><alter>1</alter><octave>4</octave></pitch><duration>1</duration><type>eighth</type><beam number="1">begin</beam><lyric><syllabic>single</syllabic><text>m</text></lyric></note>
G#,19,D,0,4,M,<note><pitch><step>D</step><alter>0</alter><octave>4</octave></pitch><duration>1</duration><type>eighth</type><beam number="1">begin</beam><lyric><syllabic>single</syllabic><text>M</text></lyric></note>
G#,20,D,1,4,P,<note><pitch><step>D</step><alter>1</alter><octave>4</octave></pitch><duration>1</duration><type>eighth</type><beam number="1">begin</beam><lyric><syllabic>single</syllabic><text>P</text></lyric></note>
G#,21,E,0,4,d,<note><pitch><step>E</step><alter>0</alter><octave>4</octave></pitch><duration>1</duration><type>eighth</type><beam number="1">begin</beam><lyric><syllabic>single</syllabic><text>d</text></lyric></note>
G#,22,F,0,4,D,<note><pitch><step>F</step><alter>0</alter><octave>4</octave></pitch><duration>1</duration><type>eighth</type><beam number="1">begin</beam><lyric><syllabic>single</syllabic><text>D</text></lyric></note>
G#,23,F,1,4,n,<note><pitch><step>F</step><alter>1</alter><octave>4</octave></pitch><duration>1</duration><type>eighth</type><beam number="1">begin</beam><lyric><syllabic>single</syllabic><text>n</text></lyric></note>
G#,24,G,0,4,N,<note><pitch><step>G</step><alter>0</alter><octave>4</octave></pitch><duration>1</duration><type>eighth</type><beam number="1">begin</beam><lyric><syllabic>single</syllabic><text>N</text></lyric></note>
G#,25,G,1,4,S',<note><pitch><step>G</step><alter>1</alter><octave>4</octave></pitch><duration>1</duration><type>eighth</type><beam number="1">begin</beam><lyric><syllabic>single</syllabic><text>S'</text></lyric></note>
G#,26,A,0,4,r',<note><pitch><step>A</step><alter>0</alter><octave>4</octave></pitch><duration>1</duration><type>eighth</type><beam number="1">begin</beam><lyric><syllabic>single</syllabic><text>r'</text></lyric></note>
G#,27,A,1,4,R',<note><pitch><step>A</step><alter>1</alter><octave>4</octave></pitch><duration>1</duration><type>eighth</type><beam number="1">begin</beam><lyric><syllabic>single</syllabic><text>R'</text></lyric></note>
G#,28,B,0,4,g',<note><pitch><step>B</step><alter>0</alter><octave>4</octave></pitch><duration>1</duration><type>eighth</type><beam number="1">begin</beam><lyric><syllabic>single</syllabic><text>g'</text></lyric></note>
G#,29,C,0,5,G',<note><pitch><step>C</step><alter>0</alter><octave>5</octave></pitch><duration>1</duration><type>eighth</type><beam number="1">begin</beam><lyric><syllabic>single</syllabic><text>G'</text></lyric></note>
G#,30,C,1,5,m',<note><pitch><step>C</step><alter>1</alter><octave>5</octave></pitch><duration>1</duration><type>eighth</type><beam number="1">begin</beam><lyric><syllabic>single</syllabic><text>m'</text></lyric></note>
G#,31,D,0,5,M',<note><pitch><step>D</step><alter>0</alter><octave>5</octave></pitch><duration>1</duration><type>eighth</type><beam number="1">begin</beam><lyric><syllabic>single</syllabic><text>M'</text></lyric></note>
G#,32,D,1,5,P',<note><pitch><step>D</step><alter>1</alter><octave>5</octave></pitch><duration>1</duration><type>eighth</type><beam number="1">begin</beam><lyric><syllabic>single</syllabic><text>P'</text></lyric></note>
G#,33,E,0,5,d',<note><pitch><step>E</step><alter>0</alter><octave>5</octave></pitch><duration>1</duration><type>eighth</type><beam number="1">begin</beam><lyric><syllabic>single</syllabic><text>d'</text></lyric></note>
G#,34,F,0,5,D',<note><pitch><step>F</step><alter>0</alter><octave>5</octave></pitch><duration>1</duration><type>eighth</type><beam number="1">begin</beam><lyric><syllabic>single</syllabic><text>D'</text></lyric></note>
G#,35,F,1,5,n',<note><pitch><step>F</step><alter>1</alter><octave>5</octave></pitch><duration>1</duration><type>eighth</type><beam number="1">begin</beam><lyric><syllabic>single</syllabic><text>n'</text></lyric></note>
G#,36,G,0,5,N',<note><pitch><step>G</step><alter>0</alter><octave>5</octave></pitch><duration>1</duration><type>eighth</type><beam number="1">begin</beam><lyric><syllabic>single</syllabic><text>N'</text></lyric></note>
A,1,A,0,2,S.,<note><pitch><step>A</step><alter>0</alter><octave>2</octave></pitch><duration>1</duration><type>eighth</type><beam number="1">begin</beam><lyric><syllabic>single</syllabic><text>S.</text></lyric></note>
A,2,A,1,2,r.,<note><pitch><step>A</step><alter>1</alter><octave>2</octave></pitch><duration>1</duration><type>eighth</type><beam number="1">begin</beam><lyric><syllabic>single</syllabic><text>r.</text></lyric></note>
A,3,B,0,2,R.,<note><pitch><step>B</step><alter>0</alter><octave>2</octave></pitch><duration>1</duration><type>eighth</type><beam number="1">begin</beam><lyric><syllabic>single</syllabic><text>R.</text></lyric></note>
A,4,C,0,3,g.,<note><pitch><step>C</step><alter>0</alter><octave>3</octave></pitch><duration>1</duration><type>eighth</type><beam number="1">begin</beam><lyric><syllabic>single</syllabic><text>g.</text></lyric></note>
A,5,C,1,3,G.,<note><pitch><step>C</step><alter>1</alter><octave>3</octave></pitch><duration>1</duration><type>eighth</type><beam number="1">begin</beam><lyric><syllabic>single</syllabic><text>G.</text></lyric></note>
A,6,D,0,3,m.,<note><pitch><step>D</step><alter>0</alter><octave>3</octave></pitch><duration>1</duration><type>eighth</type><beam number="1">begin</beam><lyric><syllabic>single</syllabic><text>m.</text></lyric></note>
A,7,D,1,3,M.,<note><pitch><step>D</step><alter>1</alter><octave>3</octave></pitch><duration>1</duration><type>eighth</type><beam number="1">begin</beam><lyric><syllabic>single</syllabic><text>M.</text></lyric></note>
A,8,E,0,3,P.,<note><pitch><step>E</step><alter>0</alter><octave>3</octave></pitch><duration>1</duration><type>eighth</type><beam number="1">begin</beam><lyric><syllabic>single</syllabic><text>P.</text></lyric></note>
A,9,F,0,3,d.,<note><pitch><step>F</step><alter>0</alter><octave>3</octave></pitch><duration>1</duration><type>eighth</type><beam number="1">begin</beam><lyric><syllabic>single</syllabic><text>d.</text></lyric></note>
A,10,F,1,3,D.,<note><pitch><step>F</step><alter>1</alter><octave>3</octave></pitch><duration>1</duration><type>eighth</type><beam number="1">begin</beam><lyric><syllabic>single</syllabic><text>D.</text></lyric></note>
A,11,G,0,3,n.,<note><pitch><step>G</step><alter>0</alter><octave>3</octave></pitch><duration>1</duration><type>eighth</type><beam number="1">begin</beam><lyric><syllabic>single</syllabic><text>n.</text></lyric></note>
A,12,G,1,3,N.,<note><pitch><step>G</step><alter>1</alter><octave>3</octave></pitch><duration>1</duration><type>eighth</type><beam number="1">begin</beam><lyric><syllabic>single</syllabic><text>N.</text></lyric></note>
A,13,A,0,3,S,<note><pitch><step>A</step><alter>0</alter><octave>3</octave></pitch><duration>1</duration><type>eighth</type><beam number="1">begin</beam><lyric><syllabic>single</syllabic><text>S</text></lyric></note>
A,14,A,1,3,r,<note><pitch><step>A</step><alter>1</alter><octave>3</octave></pitch><duration>1</duration><type>eighth</type><beam number="1">begin</beam><lyric><syllabic>single</syllabic><text>r</text></lyric></note>
A,15,B,0,3,R,<note><pitch><step>B</step><alter>0</alter><octave>3</octave></pitch><duration>1</duration><type>eighth</type><beam number="1">begin</beam><lyric><syllabic>single</syllabic><text>R</text></lyric></note>
A,16,C,0,4,g,<note><pitch><step>C</step><alter>0</alter><octave>4</octave></pitch><duration>1</duration><type>eighth</type><beam number="1">begin</beam><lyric><syllabic>single</syllabic><text>g</text></lyric></note>
A,17,C,1,4,G,<note><pitch><step>C</step><alter>1</alter><octave>4</octave></pitch><duration>1</duration><type>eighth</type><beam number="1">begin</beam><lyric><syllabic>single</syllabic><text>G</text></lyric></note>
A,18,D,0,4,m,<note><pitch><step>D</step><alter>0</alter><octave>4</octave></pitch><duration>1</duration><type>eighth</type><beam number="1">begin</beam><lyric><syllabic>single</syllabic><text>m</text></lyric></note>
A,19,D,1,4,M,<note><pitch><step>D</step><alter>1</alter><octave>4</octave></pitch><duration>1</duration><type>eighth</type><beam number="1">begin</beam><lyric><syllabic>single</syllabic><text>M</text></lyric></note>
A,20,E,0,4,P,<note><pitch><step>E</step><alter>0</alter><octave>4</octave></pitch><duration>1</duration><type>eighth</type><beam number="1">begin</beam><lyric><syllabic>single</syllabic><text>P</text></lyric></note>
A,21,F,0,4,d,<note><pitch><step>F</step><alter>0</alter><octave>4</octave></pitch><duration>1</duration><type>eighth</type><beam number="1">begin</beam><lyric><syllabic>single</syllabic><text>d</text></lyric></note>
A,22,F,1,4,D,<note><pitch><step>F</step><alter>1</alter><octave>4</octave></pitch><duration>1</duration><type>eighth</type><beam number="1">begin</beam><lyric><syllabic>single</syllabic><text>D</text></lyric></note>
A,23,G,0,4,n,<note><pitch><step>G</step><alter>0</alter><octave>4</octave></pitch><duration>1</duration><type>eighth</type><beam number="1">begin</beam><lyric><syllabic>single</syllabic><text>n</text></lyric></note>
A,24,G,1,4,N,<note><pitch><step>G</step><alter>1</alter><octave>4</octave></pitch><duration>1</duration><type>eighth</type><beam number="1">begin</beam><lyric><syllabic>single</syllabic><text>N</text></lyric></note>
A,25,A,0,4,S',<note><pitch><step>A</step><alter>0</alter><octave>4</octave></pitch><duration>1</duration><type>eighth</type><beam number="1">begin</beam><lyric><syllabic>single</syllabic><text>S'</text></lyric></note>
A,26,A,1,4,r',<note><pitch><step>A</step><alter>1</alter><octave>4</octave></pitch><duration>1</duration><type>eighth</type><beam number="1">begin</beam><lyric><syllabic>single</syllabic><text>r'</text></lyric></note>
A,27,B,0,4,R',<note><pitch><step>B</step><alter>0</alter><octave>4</octave></pitch><duration>1</duration><type>eighth</type><beam number="1">begin</beam><lyric><syllabic>single</syllabic><text>R'</text></lyric></note>
A,28,C,0,5,g',<note><pitch><step>C</step><alter>0</alter><octave>5</octave></pitch><duration>1</duration><type>eighth</type><beam number="1">begin</beam><lyric><syllabic>single</syllabic><text>g'</text></lyric></note>
A,29,C,1,5,G',<note><pitch><step>C</step><alter>1</alter><octave>5</octave></pitch><duration>1</duration><type>eighth</type><beam number="1">begin</beam><lyric><syllabic>single</syllabic><text>G'</text></lyric></note>
A,30,D,0,5,m',<note><pitch><step>D</step><alter>0</alter><octave>5</octave></pitch><duration>1</duration><type>eighth</type><beam number="1">begin</beam><lyric><syllabic>single</syllabic><text>m'</text></lyric></note>
A,31,D,1,5,M',<note><pitch><step>D</step><alter>1</alter><octave>5</octave></pitch><duration>1</duration><type>eighth</type><beam number="1">begin</beam><lyric><syllabic>single</syllabic><text>M'</text></lyric></note>
A,32,E,0,5,P',<note><pitch><step>E</step><alter>0</alter><octave>5</octave></pitch><duration>1</duration><type>eighth</type><beam number="1">begin</beam><lyric><syllabic>single</syllabic><text>P'</text></lyric></note>
A,33,F,0,5,d',<note><pitch><step>F</step><alter>0</alter><octave>5</octave></pitch><duration>1</duration><type>eighth</type><beam number="1">begin</beam><lyric><syllabic>single</syllabic><text>d'</text></lyric></note>
A,34,F,1,5,D',<note><pitch><step>F</step><alter>1</alter><octave>5</octave></pitch><duration>1</duration><type>eighth</type><beam number="1">begin</beam><lyric><syllabic>single</syllabic><text>D'</text></lyric></note>
A,35,G,0,5,n',<note><pitch><step>G</step><alter>0</alter><octave>5</octave></pitch><duration>1</duration><type>eighth</type><beam number="1">begin</beam><lyric><syllabic>single</syllabic><text>n'</text></lyric></note>
A,36,G,1,5,N',<note><pitch><step>G</step><alter>1</alter><octave>5</octave></pitch><duration>1</duration><type>eighth</type><beam number="1">begin</beam><lyric><syllabic>single</syllabic><text>N'</text></lyric></note>
A#,1,A,1,2,S.,<note><pitch><step>A</step><alter>1</alter><octave>2</octave></pitch><duration>1</duration><type>eighth</type><beam number="1">begin</beam><lyric><syllabic>single</syllabic><text>S.</text></lyric></note>
A#,2,B,0,2,r.,<note><pitch><step>B</step><alter>0</alter><octave>2</octave></pitch><duration>1</duration><type>eighth</type><beam number="1">begin</beam><lyric><syllabic>single</syllabic><text>r.</text></lyric></note>
A#,3,C,0,3,R.,<note><pitch><step>C</step><alter>0</alter><octave>3</octave></pitch><duration>1</duration><type>eighth</type><beam number="1">begin</beam><lyric><syllabic>single</syllabic><text>R.</text></lyric></note>
A#,4,C,1,3,g.,<note><pitch><step>C</step><alter>1</alter><octave>3</octave></pitch><duration>1</duration><type>eighth</type><beam number="1">begin</beam><lyric><syllabic>single</syllabic><text>g.</text></lyric></note>
A#,5,D,0,3,G.,<note><pitch><step>D</step><alter>0</alter><octave>3</octave></pitch><duration>1</duration><type>eighth</type><beam number="1">begin</beam><lyric><syllabic>single</syllabic><text>G.</text></lyric></note>
A#,6,D,1,3,m.,<note><pitch><step>D</step><alter>1</alter><octave>3</octave></pitch><duration>1</duration><type>eighth</type><beam number="1">begin</beam><lyric><syllabic>single</syllabic><text>m.</text></lyric></note>
A#,7,E,0,3,M.,<note><pitch><step>E</step><alter>0</alter><octave>3</octave></pitch><duration>1</duration><type>eighth</type><beam number="1">begin</beam><lyric><syllabic>single</syllabic><text>M.</text></lyric></note>
A#,8,F,0,3,P.,<note><pitch><step>F</step><alter>0</alter><octave>3</octave></pitch><duration>1</duration><type>eighth</type><beam number="1">begin</beam><lyric><syllabic>single</syllabic><text>P.</text></lyric></note>
A#,9,F,1,3,d.,<note><pitch><step>F</step><alter>1</alter><octave>3</octave></pitch><duration>1</duration><type>eighth</type><beam number="1">begin</beam><lyric><syllabic>single</syllabic><text>d.</text></lyric></note>
A#,10,G,0,3,D.,<note><pitch><step>G</step><alter>0</alter><octave>3</octave></pitch><duration>1</duration><type>eighth</type><beam number="1">begin</beam><lyric><syllabic>single</syllabic><text>D.</text></lyric></note>
A#,11,G,1,3,n.,<note><pitch><step>G</step><alter>1</alter><octave>3</octave></pitch><duration>1</duration><type>eighth</type><beam number="1">begin</beam><lyric><syllabic>single</syllabic><text>n.</text></lyric></note>
A#,12,A,0,3,N.,<note><pitch><step>A</step><alter>0</alter><octave>3</octave></pitch><duration>1</duration><type>eighth</type><beam number="1">begin</beam><lyric><syllabic>single</syllabic><text>N.</text></lyric></note>
A#,13,A,1,3,S,<note><pitch><step>A</step><alter>1</alter><octave>3</octave></pitch><duration>1</duration><type>eighth</type><beam number="1">begin</beam><lyric><syllabic>single</syllabic><text>S</text></lyric></note>
A#,14,B,0,3,r,<note><pitch><step>B</step><alter>0</alter><octave>3</octave></pitch><duration>1</duration><type>eighth</type><beam number="1">begin</beam><lyric><syllabic>single</syllabic><text>r</text></lyric></note>
A#,15,C,0,4,R,<note><pitch><step>C</step><alter>0</alter><octave>4</octave></pitch><duration>1</duration><type>eighth</type><beam number="1">begin</beam><lyric><syllabic>single</syllabic><text>R</text></lyric></note>
A#,16,C,1,4,g,<note><pitch><step>C</step><alter>1</alter><octave>4</octave></pitch><duration>1</duration><type>eighth</type><beam number="1">begin</beam><lyric><syllabic>single</syllabic><text>g</text></lyric></note>
A#,17,D,0,4,G,<note><pitch><step>D</step><alter>0</alter><octave>4</octave></pitch><duration>1</duration><type>eighth</type><beam number="1">begin</beam><lyric><syllabic>single</syllabic><text>G</text></lyric></note>
A#,18,D,1,4,m,<note><pitch><step>D</step><alter>1</alter><octave>4</octave></pitch><duration>1</duration><type>eighth</type><beam number="1">begin</beam><lyric><syllabic>single</syllabic><text>m</text></lyric></note>
A#,19,E,0,4,M,<note><pitch><step>E</step><alter>0</alter><octave>4</octave></pitch><duration>1</duration><type>eighth</type><beam number="1">begin</beam><lyric><syllabic>single</syllabic><text>M</text></lyric></note>
A#,20,F,0,4,P,<note><pitch><step>F</step><alter>0</alter><octave>4</octave></pitch><duration>1</duration><type>eighth</type><beam number="1">begin</beam><lyric><syllabic>single</syllabic><text>P</text></lyric></note>
A#,21,F,1,4,d,<note><pitch><step>F</step><alter>1</alter><octave>4</octave></pitch><duration>1</duration><type>eighth</type><beam number="1">begin</beam><lyric><syllabic>single</syllabic><text>d</text></lyric></note>
A#,22,G,0,4,D,<note><pitch><step>G</step><alter>0</alter><octave>4</octave></pitch><duration>1</duration><type>eighth</type><beam number="1">begin</beam><lyric><syllabic>single</syllabic><text>D</text></lyric></note>
A#,23,G,1,4,n,<note><pitch><step>G</step><alter>1</alter><octave>4</octave></pitch><duration>1</duration><type>eighth</type><beam number="1">begin</beam><lyric><syllabic>single</syllabic><text>n</text></lyric></note>
A#,24,A,0,4,N,<note><pitch><step>A</step><alter>0</alter><octave>4</octave></pitch><duration>1</duration><type>eighth</type><beam number="1">begin</beam><lyric><syllabic>single</syllabic><text>N</text></lyric></note>
A#,25,A,1,4,S',<note><pitch><step>A</step><alter>1</alter><octave>4</octave></pitch><duration>1</duration><type>eighth</type><beam number="1">begin</beam><lyric><syllabic>single</syllabic><text>S'</text></lyric></note>
A#,26,B,0,4,r',<note><pitch><step>B</step><alter>0</alter><octave>4</octave></pitch><duration>1</duration><type>eighth</type><beam number="1">begin</beam><lyric><syllabic>single</syllabic><text>r'</text></lyric></note>
A#,27,C,0,5,R',<note><pitch><step>C</step><alter>0</alter><octave>5</octave></pitch><duration>1</duration><type>eighth</type><beam number="1">begin</beam><lyric><syllabic>single</syllabic><text>R'</text></lyric></note>
A#,28,C,1,5,g',<note><pitch><step>C</step><alter>1</alter><octave>5</octave></pitch><duration>1</duration><type>eighth</type><beam number="1">begin</beam><lyric><syllabic>single</syllabic><text>g'</text></lyric></note>
A#,29,D,0,5,G',<note><pitch><step>D</step><alter>0</alter><octave>5</octave></pitch><duration>1</duration><type>eighth</type><beam number="1">begin</beam><lyric><syllabic>single</syllabic><text>G'</text></lyric></note>
A#,30,D,1,5,m',<note><pitch><step>D</step><alter>1</alter><octave>5</octave></pitch><duration>1</duration><type>eighth</type><beam number="1">begin</beam><lyric><syllabic>single</syllabic><text>m'</text></lyric></note>
A#,31,E,0,5,M',<note><pitch><step>E</step><alter>0</alter><octave>5</octave></pitch><duration>1</duration><type>eighth</type><beam number="1">begin</beam><lyric><syllabic>single</syllabic><text>M'</text></lyric></note>
A#,32,F,0,5,P',<note><pitch><step>F</step><alter>0</alter><octave>5</octave></pitch><duration>1</duration><type>eighth</type><beam number="1">begin</beam><lyric><syllabic>single</syllabic><text>P'</text></lyric></note>
A#,33,F,1,5,d',<note><pitch><step>F</step><alter>1</alter><octave>5</octave></pitch><duration>1</duration><type>eighth</type><beam number="1">begin</beam><lyric><syllabic>single</syllabic><text>d'</text></lyric></note>
A#,34,G,0,5,D',<note><pitch><step>G</step><alter>0</alter><octave>5</octave></pitch><duration>1</duration><type>eighth</type><beam number="1">begin</beam><lyric><syllabic>single</syllabic><text>D'</text></lyric></note>
A#,35,G,1,5,n',<note><pitch><step>G</step><alter>1</alter><octave>5</octave></pitch><duration>1</duration><type>eighth</type><beam number="1">begin</beam><lyric><syllabic>single</syllabic><text>n'</text></lyric></note>
A#,36,A,0,5,N',<note><pitch><step>A</step><alter>0</alter><octave>5</octave></pitch><duration>1</duration><type>eighth</type><beam number="1">begin</beam><lyric><syllabic>single</syllabic><text>N'</text></lyric></note>
B,1,B,0,2,S.,<note><pitch><step>B</step><alter>0</alter><octave>2</octave></pitch><duration>1</duration><type>eighth</type><beam number="1">begin</beam><lyric><syllabic>single</syllabic><text>S.</text></lyric></note>
B,2,C,0,3,r.,<note><pitch><step>C</step><alter>0</alter><octave>3</octave></pitch><duration>1</duration><type>eighth</type><beam number="1">begin</beam><lyric><syllabic>single</syllabic><text>r.</text></lyric></note>
B,3,C,1,3,R.,<note><pitch><step>C</step><alter>1</alter><octave>3</octave></pitch><duration>1</duration><type>eighth</type><beam number="1">begin</beam><lyric><syllabic>single</syllabic><text>R.</text></lyric></note>
B,4,D,0,3,g.,<note><pitch><step>D</step><alter>0</alter><octave>3</octave></pitch><duration>1</duration><type>eighth</type><beam number="1">begin</beam><lyric><syllabic>single</syllabic><text>g.</text></lyric></note>
B,5,D,1,3,G.,<note><pitch><step>D</step><alter>1</alter><octave>3</octave></pitch><duration>1</duration><type>eighth</type><beam number="1">begin</beam><lyric><syllabic>single</syllabic><text>G.</text></lyric></note>
B,6,E,0,3,m.,<note><pitch><step>E</step><alter>0</alter><octave>3</octave></pitch><duration>1</duration><type>eighth</type><beam number="1">begin</beam><lyric><syllabic>single</syllabic><text>m.</text></lyric></note>
B,7,F,0,3,M.,<note><pitch><step>F</step><alter>0</alter><octave>3</octave></pitch><duration>1</duration><type>eighth</type><beam number="1">begin</beam><lyric><syllabic>single</syllabic><text>M.</text></lyric></note>
B,8,F,1,3,P.,<note><pitch><step>F</step><alter>1</alter><octave>3</octave></pitch><duration>1</duration><type>eighth</type><beam number="1">begin</beam><lyric><syllabic>single</syllabic><text>P.</text></lyric></note>
B,9,G,0,3,d.,<note><pitch><step>G</step><alter>0</alter><octave>3</octave></pitch><duration>1</duration><type>eighth</type><beam number="1">begin</beam><lyric><syllabic>single</syllabic><text>d.</text></lyric></note>
B,10,G,1,3,D.,<note><pitch><step>G</step><alter>1</alter><octave>3</octave></pitch><duration>1</duration><type>eighth</type><beam number="1">begin</beam><lyric><syllabic>single</syllabic><text>D.</text></lyric></note>
B,11,A,0,3,n.,<note><pitch><step>A</step><alter>0</alter><octave>3</octave></pitch><duration>1</duration><type>eighth</type><beam number="1">begin</beam><lyric><syllabic>single</syllabic><text>n.</text></lyric></note>
B,12,A,1,3,N.,<note><pitch><step>A</step><alter>1</alter><octave>3</octave></pitch><duration>1</duration><type>eighth</type><beam number="1">begin</beam><lyric><syllabic>single</syllabic><text>N.</text></lyric></note>
B,13,B,0,3,S,<note><pitch><step>B</step><alter>0</alter><octave>3</octave></pitch><duration>1</duration><type>eighth</type><beam number="1">begin</beam><lyric><syllabic>single</syllabic><text>S</text></lyric></note>
B,14,C,0,4,r,<note><pitch><step>C</step><alter>0</alter><octave>4</octave></pitch><duration>1</duration><type>eighth</type><beam number="1">begin</beam><lyric><syllabic>single</syllabic><text>r</text></lyric></note>
B,15,C,1,4,R,<note><pitch><step>C</step><alter>1</alter><octave>4</octave></pitch><duration>1</duration><type>eighth</type><beam number="1">begin</beam><lyric><syllabic>single</syllabic><text>R</text></lyric></note>
B,16,D,0,4,g,<note><pitch><step>D</step><alter>0</alter><octave>4</octave></pitch><duration>1</duration><type>eighth</type><beam number="1">begin</beam><lyric><syllabic>single</syllabic><text>g</text></lyric></note>
B,17,D,1,4,G,<note><pitch><step>D</step><alter>1</alter><octave>4</octave></pitch><duration>1</duration><type>eighth</type><beam number="1">begin</beam><lyric><syllabic>single</syllabic><text>G</text></lyric></note>
B,18,E,0,4,m,<note><pitch><step>E</step><alter>0</alter><octave>4</octave></pitch><duration>1</duration><type>eighth</type><beam number="1">begin</beam><lyric><syllabic>single</syllabic><text>m</text></lyric></note>
B,19,F,0,4,M,<note><pitch><step>F</step><alter>0</alter><octave>4</octave></pitch><duration>1</duration><type>eighth</type><beam number="1">begin</beam><lyric><syllabic>single</syllabic><text>M</text></lyric></note>
B,20,F,1,4,P,<note><pitch><step>F</step><alter>1</alter><octave>4</octave></pitch><duration>1</duration><type>eighth</type><beam number="1">begin</beam><lyric><syllabic>single</syllabic><text>P</text></lyric></note>
B,21,G,0,4,d,<note><pitch><step>G</step><alter>0</alter><octave>4</octave></pitch><duration>1</duration><type>eighth</type><beam number="1">begin</beam><lyric><syllabic>single</syllabic><text>d</text></lyric></note>
B,22,G,1,4,D,<note><pitch><step>G</step><alter>1</alter><octave>4</octave></pitch><duration>1</duration><type>eighth</type><beam number="1">begin</beam><lyric><syllabic>single</syllabic><text>D</text></lyric></note>
B,23,A,0,4,n,<note><pitch><step>A</step><alter>0</alter><octave>4</octave></pitch><duration>1</duration><type>eighth</type><beam number="1">begin</beam><lyric><syllabic>single</syllabic><text>n</text></lyric></note>
B,24,A,1,4,N,<note><pitch><step>A</step><alter>1</alter><octave>4</octave></pitch><duration>1</duration><type>eighth</type><beam number="1">begin</beam><lyric><syllabic>single</syllabic><text>N</text></lyric></note>
B,25,B,0,4,S',<note><pitch><step>B</step><alter>0</alter><octave>4</octave></pitch><duration>1</duration><type>eighth</type><beam number="1">begin</beam><lyric><syllabic>single</syllabic><text>S'</text></lyric></note>
B,26,C,0,5,r',<note><pitch><step>C</step><alter>0</alter><octave>5</octave></pitch><duration>1</duration><type>eighth</type><beam number="1">begin</beam><lyric><syllabic>single</syllabic><text>r'</text></lyric></note>
B,27,C,1,5,R',<note><pitch><step>C</step><alter>1</alter><octave>5</octave></pitch><duration>1</duration><type>eighth</type><beam number="1">begin</beam><lyric><syllabic>single</syllabic><text>R'</text></lyric></note>
B,28,D,0,5,g',<note><pitch><step>D</step><alter>0</alter><octave>5</octave></pitch><duration>1</duration><type>eighth</type><beam number="1">begin</beam><lyric><syllabic>single</syllabic><text>g'</text></lyric></note>
B,29,D,1,5,G',<note><pitch><step>D</step><alter>1</alter><octave>5</octave></pitch><duration>1</duration><type>eighth</type><beam number="1">begin</beam><lyric><syllabic>single</syllabic><text>G'</text></lyric></note>
B,30,E,0,5,m',<note><pitch><step>E</step><alter>0</alter><octave>5</octave></pitch><duration>1</duration><type>eighth</type><beam number="1">begin</beam><lyric><syllabic>single</syllabic><text>m'</text></lyric></note>
B,31,F,0,5,M',<note><pitch><step>F</step><alter>0</alter><octave>5</octave></pitch><duration>1</duration><type>eighth</type><beam number="1">begin</beam><lyric><syllabic>single</syllabic><text>M'</text></lyric></note>
B,32,F,1,5,P',<note><pitch><step>F</step><alter>1</alter><octave>5</octave></pitch><duration>1</duration><type>eighth</type><beam number="1">begin</beam><lyric><syllabic>single</syllabic><text>P'</text></lyric></note>
B,33,G,0,5,d',<note><pitch><step>G</step><alter>0</alter><octave>5</octave></pitch><duration>1</duration><type>eighth</type><beam number="1">begin</beam><lyric><syllabic>single</syllabic><text>d'</text></lyric></note>
B,34,G,1,5,D',<note><pitch><step>G</step><alter>1</alter><octave>5</octave></pitch><duration>1</duration><type>eighth</type><beam number="1">begin</beam><lyric><syllabic>single</syllabic><text>D'</text></lyric></note>
B,35,A,0,5,n',<note><pitch><step>A</step><alter>0</alter><octave>5</octave></pitch><duration>1</duration><type>eighth</type><beam number="1">begin</beam><lyric><syllabic>single</syllabic><text>n'</text></lyric></note>
B,36,A,1,5,N',<note><pitch><step>A</step><alter>1</alter><octave>5</octave></pitch><duration>1</duration><type>eighth</type><beam number="1">begin</beam><lyric><syllabic>single</syllabic><text>N'</text></lyric></note>
Z,1,Z,1,2,Z,<note><rest measure="yes"/><duration>1</duration><type>eighth</type></note>
